sample_id	image_path	question	A	B	C	D	answer	specialty	gender	country	question_type
1	images/001.png	3-year-old girl presented with fever 1 week and rash that rupture to form lip sores and crusts. Which is FALSE about the likely diagnosis?	 It is contagious	 Impetigo is a differential	 It is likely a fungi infection	Acute glomerulonephritis can be a complication	B	PAEDIATRICS	Male	Nigeria	MCQ
2	images/002.png	A 9-year-old child with cough, hemoptysis and curvature of the backbone. Which of the following is true?	Muscle tone is decreased	 Affectation of the cervical vertebrae causes paraplegia	Tuberculosis is a differential diagnosis	The continuation phase of the treatment regimen is 1 month	C	PAEDIATRICS	Male	Nigeria	MCQ
3	images/003.png	An 8-year-old girl with Xray of wrist shown below. Which is false	 Cupping is shown	 Flaying is shown	Calcium deficiency is a cause	Vitamin D deficiency is not a cause	D	PAEDIATRICS	Male	Nigeria	MCQ
4	images/004.png	A 2-month-old infant who presented with fever and whose umbilical cord stump is yet to fall off. Which of this is FALSE?	This is normal 	History of cord care should be obtained 	May be a pointer to primary immunodeficiency in the child 	 Prematurity is a risk factor 	A	PAEDIATRICS	Male	Nigeria	MCQ
5	images/005.jpg	Concerning the throat of this baby which is TRUE?	 Cleft palate is the diagnosis	Has autosomal recessive inheritance	 There is speech defect if untreated	 It does not predispose to chest infections	C	PAEDIATRICS	Male	Nigeria	MCQ
6	images/006.jpg	Which is TRUE about this procedure?	Used when serum bilirubin level is >20mg/dl	  Bronze baby syndrome is a complication seen in indirect hyperbilirubinemia	Extra fluid allowance is not necessary for this neonate	It can reduce incidence of kernicterus	D	PAEDIATRICS	Male	Nigeria	MCQ
7	images/007.jpg	A 4 year old girl with mid upper arm circumference (MUAC) as shown. Which is FALSE?	MUAC is measured midway between the tip of the acromion and the olecranon process 	The value shown moderate malnutrition	The yellow portion depicts borderline	Z score of -2 is moderate malnutrition	B	PAEDIATRICS	Male	Nigeria	MCQ
8	images/008.jpg	A 3-year-old with fever, seizure and unresponsiveness. Which is true?	Urinary tract infection is not a possibility	Meningitis is unlikely in this age group	Severe malaria is a possibility	A lumbar puncture is done if there is anisocoria	C	PAEDIATRICS	Male	Nigeria	MCQ
9	images/009.png	A 6-year-old boy with fever, jaw swelling, loosening of teeth and weight loss. Histology review Histology starry-sky appearance	Commonest childhood tumour in tropics	 Chromosomal translocation 8;14 is not common	Tumor lysis syndrome is a common finding	 The likely diagnosis is Hodgkin's lymphoma	A	PAEDIATRICS	Male	Nigeria	MCQ
10	images/010.png	A 2-year-old child with bluish discoloration of lips, tongue and easy fatiguability. Symptoms usually get better with squatting. Which of this is TRUE?	Peripheral cyanosis is shown	Anaemia is a common presentation	ECG is not required in the child evaluation	Cyanotic congenital heart disease is a possibility	D	PAEDIATRICS	Male	Nigeria	MCQ
11	images/011.jpg	About Kangaroo mother care which is TRUE?	Makes breastfeeding difficult	 The process reduces apnoea in preterms and low birth weight neonates	 Increase nosocomial infection	 It cannot be done by the father	B	PAEDIATRICS	Male	Nigeria	MCQ
12	images/012.jpg	This term neonate has umbilical hernia, macroglossia, with difficulty in sucking. Which is FALSE?	Growth failure is not a complication	 Intellectual disability is common if untreated	 Infant of mother with thyroid disease	Child will require treatment with levothyroxine	A	PAEDIATRICS	Male	Nigeria	MCQ
13	images/013.jpg	7-year-old boy presented with difficulty with walking. Examination showed pseudohypertrophy of the leg muscles. Which is TRUE?	Gower sign is negative	 Keratin kinase is usually low	It is X linked dominant inheritance	 Mortality is from respiratory failure	D	PAEDIATRICS	Male	Nigeria	MCQ
14	images/014.png	4-year-old girl with swelling of the left eye.	 Retinoblastoma is not a cause	 It is a benign disease	Leukocoria is a common finding	Most presentation is bilateral	C	PAEDIATRICS	Male	Nigeria	MCQ
15	images/015.jpg	A 14-month-old toddler fever, cough and red eye of 5 days and then rash that started from the face. Which is TRUE?	History of vaccination is not essential	Measles is a likely differential diagnosis	Koplick spots are found in the eyes	Vitamin A is not important in the treatment	B	PAEDIATRICS	Male	Nigeria	MCQ
16	images/016.png	A 4-year-old child with 1 week history of fever, left ear discharge and inability to open the mouth and this posture. What is the likely diagnosis?					Tetanus	PAEDIATRICS	Male	Nigeria	SAQ
17	images/017.png	An 18-month-old male toddler presented with fever and vomiting. Physical examination showed him to have edema of the legs, hyper and hypo-pigmented skin and friable reddish hair and weight of 7kg. What is the diagnosis?					Kwashiorkor	PAEDIATRICS	Male	Nigeria	SAQ
18	images/018.jpg	6-year-old boy with body swelling of 2 months and massive proteinuria.What is the diagnosis?  Answer: Nephrotic syndrome					Nephrotic syndrome	PAEDIATRICS	Male	Nigeria	SAQ
19	images/019.jpg	This infant was born with a lower back swelling. What preconception/antenatal care could have prevented this condition?            Answer: Folic acids					Folic acids	PAEDIATRICS	Male	Nigeria	SAQ
20	images/020.jpg	This baby was born with this. What is the spot diagnosis?					Mongolian spot	PAEDIATRICS	Male	Nigeria	SAQ
21	images/021.jpg	30-year-old man with painful itchy vesicular rash on one side of the body without crossing midline as shown. Which is true?	Can be spread faeco-orally	It is caused by a fungus	Typically characterised by rash on a single dermatome	The diagnosis is pityriasis versicolor	C	DERMATOLOGY	Male	Nigeria	MCQ
22	images/022.png	A 20-year-old man presented with this skin changes. Which is FALSE?	It is seen in tuberous sclerosis	It shows cafe au lait spots	Examination under wood lamp is recommended	Vitiligo is a differential diagnosis	B	DERMATOLOGY	Male	Nigeria	MCQ
23	images/023.png	20-year-old man with hair loss. Which is TRUE?	Scaring alopecia	Nonscarring alopecia	Scaring alopecia is reversible	Alopecia areata is a scaring alopecia	B	DERMATOLOGY	Male	Nigeria	MCQ
24	images/024.png	18-year-old male adolescent presented with recurrent pimples involving his face, neck, upper trunk. Which is FALSE about acne?	inflammatory disease of the pilosebaceous follicles	Propionibacterium acne is implicated	Reduced sebum production is an important risk factor	Blackheads comedones are shown	C	DERMATOLOGY	Male	Nigeria	MCQ
25	images/025.jpg	A 25-year-old woman presented to emergency room with this after using a certain medication. Which is FALSE?	Stevens-Johnson syndrome is a likely diagnosis if more than 30% of skin is involved	Discontinue medication	Dehydration is a complication	Barrier nursing is essential in caring for the patient	A	DERMATOLOGY	Male	Nigeria	MCQ
26	images/026.jpg	24-year-old with this skin lesion. Which is TRUE	Hypertrophic scar is the diagnosis	Result from excessive sebum deposition on the skin	Reoccurrence is not common after treatment	Body piercing can be a trigger	D	DERMATOLOGY	Male	Nigeria	MCQ
27	images/027.jpg	Which of these features is FALSE about melanoma?	Symmetrical shapes	Border irregularity	Colour variation	Evolving	A	DERMATOLOGY	Male	Nigeria	MCQ
28	images/028.jpg	This 30-year-old woman with significant alcohol history presented with persistent passage of loose stool and hyperpigmented lesion in the neck. Which is FALSE about the likely diagnosis?	Pellagra is a differential	Casal necklace is shown	Niacin deficiency is a cause	Cognitive decline is not an association	D	DERMATOLOGY	Male	Nigeria	MCQ
29	images/029.jpg	This 20-year presented with dark changes in the armpit and groins. Which is FALSE	Neurofibromatosis is a differential	Café-au-lait spot is an important association	Blindness is a complication of the disease	Meningioma is a common finding in Neurofibromatosis type	D	DERMATOLOGY	Male	Nigeria	MCQ
30	images/030.png	5-year-old boy with family history of asthma presented with recurrent itchy rash as shown. Blood cell count revealed elevated eosinophil. Which is TRUE?	IgE level will be elevated	Contact dermatitis is the likely diagnosis	Incidence is low in higher socio-economic class	Avoidance of trigger is not helpful in management	C	DERMATOLOGY	Male	Nigeria	MCQ
31	images/031.jpg	40-year-old man presented with widespread hypopigmented rash in the trunk and limbs. Which is FALSE about Pityriasis versicolor.	Caused by overgrowth of bacteria Malassezia furfur	Common in humid and tropical conditions	It is non pruritic	Antifungal is beneficial	A	DERMATOLOGY	Male	Nigeria	MCQ
32	images/032.jpg	6-year-old female with sweaty feet and itchy scaly rash on her foot and between her toes. Which is FALSE about the diagnosis	Terbinafine is an effective therapy	Wearing tight- fitting shoes is a risk factor	It is a bacterial infection	Tinea pedis is likely diagnosis	C	DERMATOLOGY	Male	Nigeria	MCQ
33	images/033.jpg	A 40-year-old woman presented with rash that spread to other parts of her body on itching. Which of the following conditions does not exhibit Koebnerâ€™s phenomenon?	Atopic dermatitis	Lichen planus	Vitiligo	Psoriasis	A	DERMATOLOGY	Male	Nigeria	MCQ
34	images/034.jpg	A 20-year-old male develop one large patch of rash on the neck and later multiple smaller crops of rash over few days. Which is the likely diagnosis?	Atopic eczema	Pityriasis rosea	Vitiligo	Lichen planus	B	DERMATOLOGY	Male	Nigeria	MCQ
35	images/035.jpg	30-year-old man with multiple well demarcated, non-adherent silvery scaly rash on the back of 1 month. Which is FALSE about the likely diagnosis?	Auspitz sign	Exhibit isomorphic response when traumatized	Nikolsky's sign	Salicylic acid and topical steroid are used in treatment	C	DERMATOLOGY	Male	Nigeria	MCQ
36	images/036.jpg	A 25-year-old lady with hyperpigmented rash around the bridge of her nose. What is the diagnosis?      Answer: Systemic Iupus erythromatosis					Systemic lupus erythromatosis	DERMATOLOGY	Male	Nigeria	SAQ
37	images/037.jpg	A 60-year-old woman presented with joint pain and a scaly, itchy rash on the back and elbow of 3 months. What is the likely diagnosis?					Psoriasis	DERMATOLOGY	Male	Nigeria	SAQ
38	images/038.png	This 20-year-old boy presented with recurrent raised rash that usually appear in the limbs after bathing. What is the likely diagnosis?					Aquagenic urticaria	DERMATOLOGY	Male	Nigeria	SAQ
39	images/039.jpg	A 6-year-old boarding house pupil with rash in the legs and hands with intense itching at night. He has no history of atopy. History of similar rash in room mates   What is the likely Spot diagnosis?					Scabies	DERMATOLOGY	Male	Nigeria	SAQ
40	images/040.jpg	A 20-year-old boy presented with peeling and itchy scalp of 2 months.  What is the diagnosis?					Ringworm/ Tinea capitis	DERMATOLOGY	Male	Nigeria	SAQ
41	images/041.jpg	This 3 hour of life old baby was delivered via emergency CS. Which of this is TRUE?	This shows fetal microsomia	The Baby's mother is most likely hypertensive	The most feared complication of this baby is hyperglycemia	The Baby's mother is most likely diabetic.	D	OBSTETRICS AND GYNAECOLOGY	Male	Nigeria	MCQ
42	images/042.jpg	Concerning this patient who presented with vaginal protrusion which is TRUE?	It is commonest among primipara	Chronic pulmonary disease is a risk factor	This is stage 2 of uterovaginal prolapse	Previous caesarean section is a risk factor	B	OBSTETRICS AND GYNAECOLOGY	Male	Nigeria	MCQ
43	images/043.jpg	Concerning this graph which is true	It is a cardiotocograph	It is used for monitoring progress of labour	The alert line and action line are 2 hours apart	It shows only maternal information	B	OBSTETRICS AND GYNAECOLOGY	Male	Nigeria	MCQ
44	images/044.jpg	The following are indication for forceps delivery EXCEPT	Fully dilated cervix	Intact membranes	Empty bladder	Engaged faetal head	B	OBSTETRICS AND GYNAECOLOGY	Male	Nigeria	MCQ
45	images/045.png	Which is correct about the use of this device?	It increases blood flow to the uterus	The 5th part is applied first	It is used in postpartum haemorrhage	It is a pneumatic antishock garment	C	OBSTETRICS AND GYNAECOLOGY	Male	Nigeria	MCQ
46	images/046.jpg	Concerning the use of this device which is FALSE	It cannot be used to estimate fetal weight	It can be used to estimate gestational age	Reduce symphysio-fundal height is seeing in intrauterine growth restriction	Higher symphysio-fundal height may suggest multiple gestation	A	OBSTETRICS AND GYNAECOLOGY	Male	Nigeria	MCQ
47	images/047.jpg	Which is not a component of CTG tracing to access fetal wellbeing?	Baseline fetal heart rate	Variability	Decelerations	Speed	D	OBSTETRICS AND GYNAECOLOGY	Male	Nigeria	MCQ
48	images/048.jpg	Which is FALSE concerning the use of this medication in obstetrics practices	Augmentation of labour is an indication	Uterine hypostimulation is the most important complication	It is required in active management of 3rd stage of labour	Continuous fetal heart rate monitoring is often necessary	B	OBSTETRICS AND GYNAECOLOGY	Male	Nigeria	MCQ
49	images/049.jpg	A 28-year-old lady presented with itchy vulva swelling as shown. Which of the following is FALSE?	Condyloma acuminatum is a likely diagnosis	High risk human papilloma virus strains are the major causes	It is sexually transmitted	It is vaccine preventable	B	OBSTETRICS AND GYNAECOLOGY	Male	Nigeria	MCQ
50	images/050.png	This primigravida whose height is 135cm is at risk of the following EXCEPT	Multiple gestations	Cephalopelvic disproportion	Hyperemesis gravidarum	Preeclampsia	A	OBSTETRICS AND GYNAECOLOGY	Male	Nigeria	MCQ
51	images/051.jpg	A 32-year-old woman presented with infertility and ultrasound scan revealed right ovary as shown. Which is FALSE about the likely diagnosis	History of hirsutism	Recurrent acne	Obesity is not a risk factor	Use of Metformin is beneficial	C	OBSTETRICS AND GYNAECOLOGY	Male	Nigeria	MCQ
52	images/052.png	30-year-old woman presented with pelvic pain and progressive vaginal swelling of 1 week. Which is FALSE about Bartholins cyst?	Recurrent is common	Marsupialization is the treatment of choice	She will benefit from NSAIDS and Sitz bath	Multiple sexual partners is not a risk factor	D	OBSTETRICS AND GYNAECOLOGY	Male	Nigeria	MCQ
53	images/053.jpg	Which is FALSE concerning the use of this device?	This is a Karman syringe	It is used for abortion after 12 weeks	Endometrial biopsy is an indication	It is economical as it can be reused	B	OBSTETRICS AND GYNAECOLOGY	Male	Nigeria	MCQ
54	images/054.png	Which is FALSE concerning the use of this device?	It allows for biopsy to be taken for histology	Abnormal Pap smear test is an indication	It is a primary level of prevention of cervical cancer	Genital warts is an indication	C	OBSTETRICS AND GYNAECOLOGY	Male	Nigeria	MCQ
55	images/055.jpg	A 29-year-old primigravida at 13 weeks gestation has booking parameter that revealed proteinuria of 4+. Which is FALSE concerning her diagnosis?	History of hypertension should be obtained	She is at risk of low-birth-weight baby	It is a cause of intrauterine growth restriction	She should be managed in a primary health care center	D	OBSTETRICS AND GYNAECOLOGY	Male	Nigeria	MCQ
56	images/056.jpg	This 30-year-old woman with heavy menstrual bleeding had surgery done.     What is the diagnosis?    Answer:  Uterine fibroid / leiomyoma					Uterine fibroid / leiomyoma	OBSTETRICS AND GYNAECOLOGY	Male	Nigeria	SAQ
57	images/057.jpg	Identify the instrument         Answer:  Cusco Speculum					Cusco Speculum	OBSTETRICS AND GYNAECOLOGY	Male	Nigeria	SAQ
58	images/058.jpg	35-year-old woman desired a long-term contraception. What procedure is being prepared for?   Answer:     Intrauterine contraceptive device insertion					Intrauterine contraceptive device insertion	OBSTETRICS AND GYNAECOLOGY	Male	Nigeria	SAQ
59	images/059.jpg	60-year-old woman with bleeding per vaginum, abdominal swelling and weight loss of 2 months.   What is the likely diagnosis?   Answer:  Endometrial/ Uterine Cancer					Endometrial/ Uterine Cancer	OBSTETRICS AND GYNAECOLOGY	Male	Nigeria	SAQ
60	images/060.png	A 30-year-old P0+1 being investigated for secondary infertility.     What investigation is shown?    Answer:   Hysterosalpingography					Hysterosalpingography,	OBSTETRICS AND GYNAECOLOGY	Male	Nigeria	SAQ
61	images/061.png	A 30-year-old P0+1 being investigated for secondary infertility.     What is the likely diagnosis?   Answer:   Tubal blockage					Tubal blockage	OBSTETRICS AND GYNAECOLOGY	Male	Nigeria	SAQ
62	images/062.jpg	A 20-year-old man being evaluated for anaemia. His peripheral blood film showed hyper segmented neutrophils. Which is FALSE about the likely diagnosis?	Vitamin B12 deficiency	Vitamin C deficiency	Folate deficiency	Iron deficiency	B	OBSTETRICS AND GYNAECOLOGY	Male	Nigeria	MCQ
63	images/063.jpg	Concerning the blood group shown which is FALSE?	It contains antigen A	It contains Rh D+	It contains antibody B	It is a universal donor	D	OBSTETRICS AND GYNAECOLOGY	Male	Nigeria	MCQ
64	images/064.jpg	What feature is expected in the CSF microscopy of a patient with pyogenic meningitis?	Increased number of lymphocytes	Normal protein concentrations	Polymorphonuclear cells	No microorganism in direct gram stain	C	OBSTETRICS AND GYNAECOLOGY	Male	Nigeria	MCQ
65	images/065.png	Which is TRUE about this Peripheral blood film?	The mode of inheritance is autosomal recessive	Bone pain crisis is not a common complication of the condition	The condition is least common in Africa	The patient requires folic acid and ferrous sulphate supplement for life.	A	OBSTETRICS AND GYNAECOLOGY	Male	Nigeria	MCQ
66	images/066.jpg	Which is TRUE about liver carcinoma?	Cholangiocarcinoma is the commonest type	Hepatocellular carcinoma is the commonest type	Metastatic is not a type	HBV is not implicated	B	OBSTETRICS AND GYNAECOLOGY	Male	Nigeria	MCQ
67	images/067.jpg	Schistosomiasis is best managed with	Albendazole	Mebendazole	Praziquantel	Diethylcarbamazine	C	OBSTETRICS AND GYNAECOLOGY	Male	Nigeria	MCQ
68	images/068.jpg	Which is FALSE about the diagnosis?	Wuchereria bancrofti is a likely cause	Diethylcarbamazine is the drug of choice	The diagnosis is made by finding microfilaria in the peripheral blood during the day	Aedes spp is indicated in the transmission	C	OBSTETRICS AND GYNAECOLOGY	Male	Nigeria	MCQ
69	images/069.jpg	Which is FALSE about the diagnosis	Pel-Epstein fever is a common finding	Generalized pruritus may occur	Prednisolone is the treatment of choice	Malaria is implicated in the etiology	C	OBSTETRICS AND GYNAECOLOGY	Male	Nigeria	MCQ
70	images/070.jpg	A 38-year-old man with recurrent epigastric pain of 1 year. Upper GI endoscopy is as shown. Which is TRUE about the likely diagnosis?	NSAID is not a cause	H. pylori is not implicated	Upper GI bleeding is not a complication	Anaemia is an alarm symptom	D	OBSTETRICS AND GYNAECOLOGY	Male	Nigeria	MCQ
71	images/071.jpg	A 20-year-old woman with multiple ecchymotic patches and bleeding from venepuncture. Which of these is not a cause of disseminated coagulopathy?	Snake bite	ABO incompatible transfusion reactions	Sepsis	Diabetes mellitus	D	OBSTETRICS AND GYNAECOLOGY	Male	Nigeria	MCQ
72	images/072.jpg	This 30-year-old woman presented with neck swelling. Which is FALSE about the condition?	Goitre is a differential	Iodine deficiency is a cause	Elevated TSH indicates secondary hypothyroidism	Menstrual irregularity is an association	C	OBSTETRICS AND GYNAECOLOGY	Male	Nigeria	MCQ
73	images/073.png	A 25-year-old man presented with recurrent fatigue, craving for salt and darkening of lips and hands. Which is INCORRECT about the likely diagnosis?	Hypoglycemia	Hypokalemia	Hyponatremia	Orthostatic Hypotension	B	OBSTETRICS AND GYNAECOLOGY	Male	Nigeria	MCQ
74	images/074.jpg	10-year-old boy with recurrent abdominal discomfort and failure to gain weight with endoscopy as shown. Which of this is not a nematode?	Ascaris lumbricoides	Necator americanus	Schistosoma japonicum	Ancylostoma duodenale	C	OBSTETRICS AND GYNAECOLOGY	Male	Nigeria	MCQ
75	images/075.jpg	Which is true about H. pylori	Commonest causes of peptic ulcer in developed countries	Positive urease breath test	Gram negative	Monotherapy is used in eradication	A	OBSTETRICS AND GYNAECOLOGY	Male	Nigeria	MCQ
76	images/076.jpg	Concerning the micrograph which of this is correct?	Trisomy 18	Trisomy 13	Dysmorphic features	Tuner syndrome	C	OBSTETRICS AND GYNAECOLOGY	Male	Nigeria	MCQ
77	images/077.jpg	What is the likely diagnosis?   Answer:  Bifid ureters					Bifid ureters	PATHOLOGY	Male	Nigeria	SAQ
78	images/078.jpg	List abnormalities in this peripheral blood film.					schistocytes, polychromasia	PATHOLOGY	Male	Nigeria	SAQ
79	images/079.jpg	This patient died of hypertension and renal failure?     What is the likely diagnosis?					glomerulosclerosis	PATHOLOGY	Male	Nigeria	SAQ
80	images/080.jpg	A 50-year-old man who presented with enlargement of hands, feet, coarse face and prognathism. What is the likely diagnosis?					acromegaly	PATHOLOGY	Male	Nigeria	SAQ
81	images/081.jpg	Cut section of the left lung showing caseating necrosis. What is the most likely diagnosis?					Pulmonary tuberculosis	PATHOLOGY	Male	Nigeria	SAQ
82	images/082.png	This 18-year-old female presented with paroxysmal cough, fever and red eye of 3 weeks	The most likely diagnosis is measles	Bartonella henselae is not a causative organism	A previous infection confers lifelong immunity	it is a vaccine preventable disease	D	INFECTIOUS DISEASE	Male	Nigeria	MCQ
83	images/083.png	This patient presented with fever and rash. Which is FALSE?	Incubation period is 10 days	It has lifelong immunity	It has dermatomal distribution	Reactivation of active infection causes Shingles	A	INFECTIOUS DISEASE	Male	Nigeria	MCQ
84	images/084.png	A newly diagnosed HIV patient presented with this rash and cough. Which is FALSE?	Patient likely has stage 3 HIV infection	Patient is qualified to start receiving ART	The most objective means of determining the severity of the disease is to measure the viral load	It is not necessary to screen for tuberculosis and treat before commencing ART	D	INFECTIOUS DISEASE	Male	Nigeria	MCQ
85	images/085.jpg	Which of the following is not a part of a standard precaution practices?	Hand hygiene	Proper disposal of sharps	Biosafety cabinets	Use of personal protectives	C	INFECTIOUS DISEASE	Male	Nigeria	MCQ
86	images/086.jpg	A 23-year-old sexually active male presented with penile growth with no ulcer. Which of the following is FALSE?	Use of condom is 100% protective	Genital warts is a likely diagnosis	Cryotherapy can be used for treatment	History of multiple sexual partners is important	A	INFECTIOUS DISEASE	Male	Nigeria	MCQ
87	images/087.jpg	30-year-old woman complained of dry skin with loss of sensation and 4 skin lesions as shown. Which is TRUE about her diagnosis?	Lepromatous leprosy	Tuberculoid leprosy	Mycobacterium tuberculosis is the likely organism	This is classified as multibacillary according to WHO	B	INFECTIOUS DISEASE	Male	Nigeria	MCQ
88	images/088.jpg	What is the duration of hand washing for infection control as recommended by WHO?	1-5 minutes	5 seconds	20-40 seconds	60 seconds	C	INFECTIOUS DISEASE	Male	Nigeria	MCQ
89	images/089.jpg	When is the diagnosis of healthcare associated infection made?	3 days after discharge	14 days after surgery	48 hours after immunization	48 hours after admission into the hospital	D	INFECTIOUS DISEASE	Male	Nigeria	MCQ
90	images/090.jpg	Which is FALSE concerning pyrexia of unknown origin?	Unexplained fever persistent for 1 week of hospital evaluation	Unexplained fever persistent for 3 outpatient visits	Majority are due to malignancy	Begin with least invasive evaluation to avoid unnecessary harm and cost to the patient	C	INFECTIOUS DISEASE	Male	Nigeria	MCQ
91	images/091.jpg	25-year-old man with history of IV drug injection who presented with new murmur on examination. Which is FALSE about the diagnosis?	Osler's nodes may be associated	Finger clubbing	Terry's nails	Treatment of the underlying condition may require 4-6 weeks of antibiotic therapy	C	INFECTIOUS DISEASE	Male	Nigeria	MCQ
92	images/092.png	Which is INCORRECT about rational use of antibiotics in treatment of infectious disease?	Right medication	Right dosage	Least cost to patients	None of the above	D	INFECTIOUS DISEASE	Male	Nigeria	MCQ
93	images/093.jpg	28-year-old woman presented with fever and pain with urination of 3 days. Which is TRUE about her diagnosis?	Urinalysis	Urine microscopy and culture	Commonest cause of urinary tract infection is E. coli	All of the above	D	INFECTIOUS DISEASE	Male	Nigeria	MCQ
94	images/094.jpg	A 45-year-old presented with cough, fever of 5 days. He was confused and has hypotension on examination. Which is TRUE about his chest ray and management.	CURB 65 score of 1 require admission	CURB 65 score of 4 is managed on outpatient basis	Likely diagnosis is community acquired pneumonia	This patient can be treated on outpatient basis	C	INFECTIOUS DISEASE	Male	Nigeria	MCQ
95	images/095.png	A neonate presented with fever and bilateral eye discharge. Which is TRUE concerning her diagnosis?	It is common with newborns delivered via caesarian section	History of vaginal discharge in the mother	Newborns should receive erythromycin ointment in both eyes after delivery	Chlamydia is not a cause	C	INFECTIOUS DISEASE	Male	Nigeria	MCQ
96	images/096.jpg	Which is FALSE concerning the disease transmitted by this vector?	Ebola virus	Fever is a common finding	It is primarily by contact with food and household items	Incubation period is from 2-21 days	A	INFECTIOUS DISEASE	Male	Nigeria	MCQ
97	images/097.jpg	This 5-year-old girl presented with fever and eye swelling of 4 days.  What is the likely diagnosis?   Answer:  Orbital cellulitis/ Orbital abscess					Orbital cellulitis/ Orbital abscess	INFECTIOUS DISEASE	Male	Nigeria	SAQ
98	images/098.jpg	5-month-old infant presented with fever and peeling of the skin of 1 week. No history of atopy or use of any medication.  What is the diagnosis?					Staphylococcal scalded skin syndrome	INFECTIOUS DISEASE	Male	Nigeria	SAQ
99	images/099.jpg	35-year-old with skin patches, plagues and numbness of the face and leonine facie.  What is the likely diagnosis?					Leprosy/ Hansen’s disease	INFECTIOUS DISEASE	Male	Nigeria	SAQ
100	images/100.png	20-year-old presented with thickened and loss of nails. What is the likely diagnosis?					Tinea unguium	INFECTIOUS DISEASE	Male	Nigeria	SAQ
101	images/101.jpg	A 40-year-old man presented with cough, hemoptysis and weight loss of 3 months. Chest ray was as shown. What is the likely diagnosis?					Pulmonary tuberculosis,	INFECTIOUS DISEASE	Male	Nigeria	SAQ
102	images/102.jpg	Name one investigation to help confirm the diagnosis.					Sputum GeneXpert MTB/RIF OR Sputum for Acid fast bacilli	INFECTIOUS DISEASE	Male	Nigeria	SAQ
103	images/103.jpg	A pregnant lady with PIH was being monitored with bed rest in supine position. Which of the following is a complication of the below representation?	Ascending Aorta syndrome	Superior vena caval syndromes	Supine vena cava syndrome	Descending aorta syndrome	C	OBSTETRICS AND GYNAECOLOGY	Female	Kenya	MCQ
104	images/104.jpg	Identify the following instrument commonly used in obstetrics	Curved scissors	Mayo Scissors	Episiotomy scissors	Artery forceps	C	OBSTETRICS AND GYNAECOLOGY	Female	Kenya	MCQ
105	images/105.png	Identify the grip in the image below.	Second pelvic grip	Fundal grip	Station grip	Pawlik grip	D	OBSTETRICS AND GYNAECOLOGY	Female	Kenya	MCQ
106	images/106.png	Identify this condition shown in the image below.	Dichorionic diamniotic pregnancy	Monochorionic diamniotic pregnancy	Monochorionic monoamniotic pregnancy	Placenta villamentosa	C	OBSTETRICS AND GYNAECOLOGY	Female	Kenya	MCQ
107	images/107.jpg	A 40- year old female patient presented with a history of profuse vaginal discharge. The discharge has a fishy odor. Which of the following best describes the microscopic findings given below.	Epithelial cells with bacteria attatched on cell surface	Neutrophil engulfed bacteria	Bacteria engulfed by macrophages	Long curved beaded bacilli	A	OBSTETRICS AND GYNAECOLOGY	Female	Kenya	MCQ
108	images/108.jpg	Your patient is admitted in the labor ward in preparation for an emergency cesarean section. Identify the procedure being done below.	Amniocentesis	Cardiotocography	Amniotic Fluid index determination	MCA Doppler	B	OBSTETRICS AND GYNAECOLOGY	Female	Kenya	MCQ
109	images/109.png	You are presented the image below after your patient above is assessed in the labor ward. What does it show?	Normal	Deceleration followed by acceleration	Deceleration	Acceleration	C	OBSTETRICS AND GYNAECOLOGY	Female	Kenya	MCQ
110	images/110.png	The instrument below is used in.	Vaginal hysterectomy	Fothergill's surgery	Cesarean section	Mac stitch insertion	C	OBSTETRICS AND GYNAECOLOGY	Female	Kenya	MCQ
111	images/111.jpg	The following instrument is used for	VIA	VILLI	PAP Smear	High vaginal Swab	C	OBSTETRICS AND GYNAECOLOGY	Female	Kenya	MCQ
112	images/112.jpg	A primigravida in her 10th week of gestation presents with spotting. On examination, the uterus corresponds to 12 weeks. TVS was done and it Is given by this     What is the diagnosis?	Missed abortion	Blighted ovum	Hydatidiform mole	Ectopic pregnancy	C	OBSTETRICS AND GYNAECOLOGY	Female	Kenya	MCQ
113	images/113.jpg	What is the probable diagnosis given in the clinical image below?	Cervical carcinoma	Uterocervical prolapse	Uterine Inversion	Fibroid Polyp	B	OBSTETRICS AND GYNAECOLOGY	Female	Kenya	MCQ
114	images/114.jpg	Which statement is false regarding late decelerations	Starts after peach of uterine contractions and ends after uterine contraction	At least 10 beats, 2 tines in a 20 min period above baseline	They are smooth and gradual	Occur due to uteroplacental insufficiency	B	OBSTETRICS AND GYNAECOLOGY	Female	Kenya	MCQ
115	images/115.jpg	A woman comes with complaints of pain and swelling in the perineal area. She also has complaints of difficulty in walking and sitting. She gives a history of multiple sexual partners. On examination, a tender swelling is seen with redness on the labia, as shown in the image given below. What is the most likely diagnosis?	Bartholin abscess	Chlamydial infection	Herpes infection	Genital TB	A	OBSTETRICS AND GYNAECOLOGY	Female	Kenya	MCQ
116	images/116.png	A 55- year old lady comes with AUB. A hysterectomy was performed and the following specimen retrieved.Histology revealed intercalating bundles of smooth muscle cells arranged in a characteristicwholed pattern. What is the diagnosis?	Endometrial Carcinoma	Leiomyoma	Endometrial polyp	Adenomyosis	B	OBSTETRICS AND GYNAECOLOGY	Female	Kenya	MCQ
117	images/117.jpg	Which of the following is an absolute contraindication for the insertion of the device shown in the image below?	Menstruation	PID	Immediately after delivery	Ruptured condom during intercourse	B	OBSTETRICS AND GYNAECOLOGY	Female	Kenya	MCQ
118	images/118.jpg	A 49-year-old man has used chewing tobacco and snuff for many years. During a visit to his dentist, the above a lesion is seen on the hard palate. It cannot be removed by scraping. One of the following is the most likely diagnosis?	Aphthous ulcer	Oral thrush	Leukoplakia	Pyogenic granuloma	C	PATHOLOGY	Female	Kenya	MCQ
119	images/119.png	A 27-year-old woman has had pain with cloudiness of vision in the right eye for the past 2 days. A similar episode occurred a year ago. On physical examination, there is no conjunctival redness injection. Funduscopic examination shows no retinal lesions. A slit lamp examination is shown.  Which of the following infectious agents has most likely produced these findings?	Chlamydia trachomatis	Cytomegalovirus	Herpes simplex virus	Neisseria gonorrhoeae	C	PATHOLOGY	Female	Kenya	MCQ
120	images/120.png	An 8-year-old boy suffers an upper respiratory tract infection following which he develops abdominal pain and palpable purpura and petechiae of the limbs and trunk(see picture). His mother reports that he has passed red urine. The most likely explanation of the purpura is:	Autoimmune thrombocytopenic purpura	Cryoglobulinaemia	Disseminated intravascular coagulation	Henoch Schonlein purpura	A	PATHOLOGY	Female	Kenya	MCQ
121	images/121.png	A 74-year-old woman slipped while mopping the kitchen floor, fell, and sustained a hip fracture. The hip fracture was treated with open reduction and internal fixation (ORIF). What is this patient's diagnosis?					Osteoporosis	PATHOLOGY	Female	Kenya	SAQ
122	images/122.png	A 74-year-old woman slipped while mopping the kitchen floor, fell, and sustained a hip fracture. The hip fracture was treated with open reduction and internal fixation (ORIF). Name 2 risk factors for this diagnosis.					Aging, menopause, long term steroid use, female gender, low estrogen or testosterone, hyperthyroidism and hyperparathyroidism, low calcium diet, low vitamin D, sedentary lifestyle, anorexia nervosa, Kidney or liver disease, rheumatoid arthritis, certain cancers (e.g., multiple myeloma)	PATHOLOGY	Female	Kenya	LAQ
123	images/123.png	A 74-year-old woman slipped while mopping the kitchen floor, fell, and sustained a hip fracture. The hip fracture was treated with open reduction and internal fixation (ORIF). State 2 other tests to confirm diagnosis					Dual energy X-ray absorptiometry (DEXA) scan, markers of bone turnover e.g. P1NP and C-telopeptides, Calcium and Vitamin D levels, Thyroid function tests, Hormone levels (e.g., testosterone in men)	PATHOLOGY	Female	Kenya	LAQ
124	images/124.png	A 74-year-old woman slipped while mopping the kitchen floor, fell, and sustained a hip fracture. The hip fracture was treated with open reduction and internal fixation (ORIF). Explain the pathophysiologic classification of oedema					Increased hydrostatic pressure (heart failure, venous blockage) Reduced oncotic pressure (hypoalbuminemia) Inflammation with increased capillary leakage Lymphatic obstruction Water retention (sodium and water imbalances)	PATHOLOGY	Female	Kenya	LAQ
125	images/125.png	Name the cell shown.					Hyper-lobulated neutrophil.	PATHOLOGY	Female	Kenya	SAQ
126	images/126.jpg	State 2 conditions in which one may see the above cell					Seen in myelodysplasia, megaloblastic conditions	PATHOLOGY	Female	Kenya	SAQ
127	images/127.jpg	Name the cell shown by the arrows.					This is a reticulocyte or polychromatic red cell	PATHOLOGY	Female	Kenya	SAQ
128	images/128.jpg	State two conditions in which the cell number is increased in the peripheral blood film					Seen in any regenerative marrow e.g. recovery from deficiency anaemia, hemolytic disease	PATHOLOGY	Female	Kenya	SAQ
129	images/129.jpg	Name the clinical finding.					Jaundice, scleral icterus	PATHOLOGY	Female	Kenya	SAQ
130	images/130.jpg	State two laboratory investigations you would order and their expected findings.					Bilirubin, LFT, hemolytic screen all acceptable	PATHOLOGY	Female	Kenya	SAQ
131	images/131.jpg	List 2 possible causes if the patient is 18 years old.					(Physiological (Pubertal) , obesity, medication, underlying hormonal causes, Klinefelter's)	PATHOLOGY	Female	Kenya	SAQ
132	images/132.png	List 2 possible causes if the patient is 65 years old.					(Andropause, obesity, medication, hormone producing tumors, kidney failure, etc)	PATHOLOGY	Female	Kenya	SAQ
133	images/133.png	Mr Daniel had been having recurrent episodes of headache that does not respond to over-the-counter analgesics. He was recently diagnosed with HIV. Below is the head CT scan image. Patient is started on the anti retroviral medications and treatment for what is seen on the head CT scan concurrently. Patient's symptoms starts worsening with onset of worsening cough productive of sputum. What phenomenon explains the worsening of patient's presentation and symptoms?					Immune reconstitution inflammatory syndrome)	Infectious & Derm	male	Ghana	SAQ
134	images/134.png	Ms Lily reports to your consulting room with the complain of papular rashes predominantly on the hands in the inter-digital spaces. Below is the image of the organism known to cause the rash.  Mention one oral medication and topical drug that could be prescribed for Ms Lily.					Permithrin cream, Ivermectin	Infectious & Derm	male	Ghana	SAQ
135	images/135.jpg	Identify the image below and state one major symptom and management.					 Schistosoma hematobium Hematuria Praziqunatel	Infectious & Derm	male	Ghana	SAQ
136	images/136.jpg	Mad Juliana was managed for Pulmonary Tuberculosis about six (6) months ago. She reports to your consulting room with a week history of hemoptysis with peripheral eosinophilia above 1000. Chest imaging was done and the result is shown below. What is your likely diagnosis?.					Aspergillosis	Infectious & Derm	male	Ghana	SAQ
137	images/137.png	Mr Eric presents with the lesion shown in the image given.  He had similar painless genital lesion about 2 months ago. Patient penicillin based medications. State one alternative drug that could be used in the management of the above?					Doxycycline or tetracycline	Infectious & Derm	male	Ghana	SAQ
138	images/138.jpg	The diagnosis for the above presentation is;	Eosinophilic oesophagitis	Pill oesophagitis	Oesophageal candidiasis	Barrett oesophagitis	C	Infectious & Derm	male	Ghana	MCQ
139	images/139.jpg	Which of the following is used in the management of the above?	Fluconazole	Betamethasone	Oesophageal dilation	Endoscopic banding	A	Infectious & Derm	male	Ghana	MCQ
140	images/140.jpg	The image below causes which of the following?	Penile cancer	Gastric cancer	Bladder cancer	Endometrial cancer	C	Infectious & Derm	male	Ghana	MCQ
141	images/141.jpg	The above typically involves the liver extraintestinally as?	Liver cirrhosis	Hepatic steatosis	Hepatic abscess	Hepatocellular cancer	C	Infectious & Derm	male	Ghana	MCQ
142	images/142.jpg	The following are not used in the management of the above except?	Tetracycline	Ceftriazone	Amoxicillin	Paromomycin	D	Infectious & Derm	male	Ghana	MCQ
143	images/143.jpg	A PLHIV presents to your consulting room with a nodular lesion shown in the image. What is the likely diagnosis?	Impetigo	Herpes simplex virus	Kapaso Sarcoma	Milaria	C	Infectious & Derm	male	Ghana	MCQ
144	images/144.jpg	A PLHIV presents to your consulting room with a nodular lesion shown in the image. The following are possible options for the management of the above except?	Doxorubicin	Bleomycin	Radiation therapy	Ethambutol	D	Infectious & Derm	male	Ghana	MCQ
145	images/145.jpg	A PLHIV presents to your consulting room with a nodular lesion shown in the image. Which WHO clinical staging of HIV will this patient belong to?	WHO STAGE 1	WHO STAGE 3	WHO STAGE 5	WHO STAGE 4	D	Infectious & Derm	male	Ghana	MCQ
146	images/146.jpg	A 36 year old reports with 3 day history of headache,fever and neck pain. He had an episode of seizure so was rushed to the emergency room. Examination confirmed neck stiffness and patient had the following skin changes. Which organism is the likely cause of the above presentation?	Strept. Pneumonia	Staph aureus	Strept agalactie	Neisseria meningitidis	D	Infectious & Derm	male	Ghana	MCQ
147	images/147.jpg	A 36 year old reports with 3 day history of headache,fever and neck pain. He had an episode of seizure so was rushed to the emergency room. Examination confirmed neck stiffness and patient had the following skin changes. The following is likely the pattern of presentation on CSF analysis except?	White blood cells elevated	Proteins elevated	Amylase reduced	Opening pressure may be normal	C	Infectious & Derm	male	Ghana	MCQ
148	images/148.jpg	A 36 year old reports with 3 day history of headache,fever and neck pain. He had an episode of seizure so was rushed to the emergency room. Examination confirmed neck stiffness and patient had the following skin changes The following are used in the management of the above except?	Artemeter Lumefantrine	Ceftriazone	Vancomycin	Cefotaxime	A	Infectious & Derm	male	Ghana	MCQ
149	images/149.jpg	Mr Armah had kidney transplant about a month ago on account of ESRD. He reports to the emergency ward status epileptics which was preceded by complain of severe headache. His BP on presentation was 90/80mmgh, Pulse- 59bpm. He did a fundoscopy that showed the following; A lumbar puncture was done despite the above and the opening pressure was highly elevatedWhat is the likely diagnosis of the above presentation?	Bacterial meningitis	Cerebral Toxoplasmosis	Cryptococcal meningitis	Epilepsy	C	Infectious & Derm	male	Ghana	MCQ
150	images/150.jpg	Mr Armah had kidney transplant about a month ago on account of ESRD. He reports to the emergency ward status epileptics which was preceded by complain of severe headache. His BP on presentation was 90/80mmgh, Pulse- 59bpm. He did a fundoscopy. Which of the following will be a feature on CSF analysis?	WBC elevated	Glucose elevated	Protein elevated	Indian ink showing yeast growth	D	Infectious & Derm	male	Ghana	MCQ
151	images/153.jpg	Mr Armah had kidney transplant about a month ago on account of ESRD.    He reports to the emergency ward status epileptics which was preceded by complain of severe headache. His BP on presentation was 90/80mmgh, Pulse- 59bpm. He did a fundoscopy. The following is used in the management of the above?	Amphotericin	Rifampin	Rifapentin	Dolutegravir	A	Infectious & Derm	male	Ghana	MCQ
152	images/153.jpg	Mr Armah had kidney transplant about a month ago on account of ESRD. He reports to the emergency ward status epileptics which was preceded by complain of severe headache. His BP on presentation was 90/80mmgh, Pulse- 59bpm. He did a fundoscopy. The following is not used to confirm the diagnosis of Cryptococcal meningitis?	Serum Cryptococcal antigen	CSF Cryptococcal antigen	Lumbar puncture	Amsastigote on biopsy	D	Infectious & Derm	male	Ghana	MCQ
153	images/153.jpg	The patient above presents with multiple nodular lesions of varying sizes developing over time. His older brother and paternal uncle have a similar presentation. The patient is likely to have  Answer: Neurofibromatosis Type 1					Neurofibromatosis Type 1	Infectious & Derm	male	Ghana	SAQ
154	images/154.jpg	A young man came to clinic with complaints of various cutaneous lesions which appeared in childhood, but have recently increased in number. In addition to these, he has a Seizure Disorder for which he is well controlled on medication. The consultant upon thorough examination described that he had multiple facial angiofibromas. He also had a characteristic lesion on his back shown in the picture above, which is a.      Answer:  Shagreen Patch					Shagreen Patch	Infectious & Derm	male	Ghana	SAQ
155	images/155.jpg	A middle-aged man presents to the ER in severe pain with numerous nodular outgrowths over bony prominences. He has a history of Alcohol Misuse Disorder and has been in Rehab severally. Lab assessment revealed a markedly elevated serum Uric Acid Level. He was started on Colchicine and Diclofenac for relief. The picture above shows Answer: Tophaceous Gout					Tophaceous Gout	Infectious & Derm	male	Ghana	SAQ
156	images/156.jpg	A young female student reports to clinic with a recurrent history of pruritic scaly lesions often noted over her arms within a 6 year period. She had tried several topical oral and antifungal medications which have not yielded any results. She has a contest coming up and is quite worried about how her skin looks. Incidentally, she tested Positive for Hepatitis C Infection . Above, is a picture of the lesions, likely to be.        Answer: Lichen Planus					Lichen Planus	Infectious & Derm	male	Ghana	SAQ
157	images/157.jpg	A young female with Lupus presents with frequent patchy areas of non-scarring hair loss over the past two years. Hair growth is often triggered by topical steroid treatment. From the picture above what is the diagnosis?.....................................................    Answer:  Alopecia Areata specifically Ophiasis					Alopecia Areata specifically Ophiasis	Infectious & Derm	male	Ghana	SAQ
158	images/158.jpg	The picture shows the trunk of a 7 year old who experiences these lesions following bouts of respiratory tract infections. The rashes are often preceded by a large scaly patch , followed by tiny pruritic papules. The diagnosis is:	Pityriasis Versicolor	Pityriasis Alba	Pityriasis Rosea	Tinea Corporis	C	Infectious & Derm	male	Ghana	MCQ
159	images/160.jpg	The picture shows the trunk of a 7 year old who experiences these lesions following bouts of respiratory tract infections. The rashes are often preceded by a large scaly patch , followed by tiny pruritic papules. Treatment of the condition involves all of the following except:	Psoralen	Moisturizing creams	Topical Steroids	Oral antihistamines	A	Infectious & Derm	male	Ghana	MCQ
160	images/160.jpg	A middle- aged male fisherman reports with a protracted history of pruritus with scaly and peeling overhis knuckles, knees and elbows . He also experiences joint pain and stiffness over these affected joints,which he thought were as a result of his job. The consultant however thinks otherwise, following careful examination.   The picture of his hands depicts,	Mechanics hands	Lichen Planus	Lichen Simplex Chrnoidcus	Discoid Lupus Erythematosus	A	Infectious & Derm	male	Ghana	MCQ
161	images/162.jpg	A middle- aged male fisherman reports with a protracted history of pruritus with scaly and peeling overhis knuckles, knees and elbows . He also experiences joint pain and stiffness over these affected joints,which he thought were as a result of his job. For the diagnosis, the histologic pattern noted following skin biopsy is:	Spindle-shaped fibers	Interface and peri-adnexal dermatitis and follicular plugging with atrophy.	Hyperkeratosis, focal spongiosis and acnathosis.	Microabscesses of Munroe	D	Infectious & Derm	male	Ghana	MCQ
162	images/162.jpg	The skin condition shown is mostly associated with the following conditions	leprosy	buruli ulcer	Graves Disease	Mycosis fungoides	C	Infectious & Derm	male	Ghana	MCQ
163	images/164.jpg	Treatment for the skin condition shown involves the following except	Calcinurein Inhibitors	Camouflage Make-up	Thin dermo-epidermal grafts	Benzoyl Peroxide	D	Infectious & Derm	male	Ghana	MCQ
164	images/164.jpg	Which of the following is the most likely diagnosis for the above?	Nodulo-cystic Acne	Angiofibromas	Neurofibromatosis	Hidradenitis Supparativa	D	Infectious & Derm	male	Ghana	MCQ
165	images/166.jpg	The most likely complication of this condition is?	Pilonidal Cyst	Renal Cell Carcinoma	Breast Cancer	Nodular Fascitis	A	Infectious & Derm	male	Ghana	MCQ
166	images/166.jpg	Risk factors for the development of these lesions include all but the following	Puberty	Intake of fatty or oily foods	Hormonal Imbalances	Allergies	D	Infectious & Derm	male	Ghana	MCQ
167	images/168.jpg	The recommended treatment for nodulocystic acne	Phototherapy	Jak-2Kinase inhibitors	Topical Steroids	Oral Isotretinoin	D	Infectious & Derm	male	Ghana	MCQ
168	images/168.jpg	Which of the following statements is true about the diagnosis above?	This is as a result of infection with Treponema Pertenue	This condition is only found in children from low to middle income countries	TheMCV-1 type of this disease is found in people living with HIV	Henderson Patterson bodies are seen on histological examination.	D	Infectious & Derm	male	Ghana	MCQ
169	images/170.jpg	The most likely diagnosis therefore is:	Neurofibromatosis type 1	Tuberous Sclerosis	Nodulocystic acne	Molluscum Contagiosuum	D	Infectious & Derm	male	Ghana	MCQ
170	images/170.jpg	The device shown above is a.    Answer: Punch Biopsy Needle					Punch Biopsy Needle	Infectious & Derm	male	Ghana	SAQ
171	images/171.jpg	The device shown above is a.       Answer: Dermatoscope					Dermatoscope	Infectious & Derm	male	Ghana	SAQ
172	images/172.jpg	This patient has Psoriasis. The feature shown above is  Answer:   Nail-Pitting					 Nail-Pitting	Infectious & Derm	male	Ghana	SAQ
173	images/173.jpg	Identify the most likely cutaneous manifestation in this patient with AIDS  Answer: Kaposis Sarcoma					Kaposi’s Sarcoma	Infectious & Derm	male	Ghana	SAQ
174	images/174.jpg	The diagnosis for the picture above is    Answer:  Seborrheic Dermatitis					Seborrheic Dermatitis	Infectious & Derm	male	Ghana	SAQ
175	images/175.jpg	He organism implicated in this condition is   Answer:  Malassezia Furfur					 Malassezia Furfu	Infectious & Derm	male	Ghana	SAQ
176	images/176.jpg	A 35-year-old Caucasian woman comes to the Emergency Department (ED) for review. She is concerned about a suspicious mole on her leg and has recently returned from a six-month working holiday in Morrocco. On further questioning, it transpires that she has had extensive sun exposure and has had three moles removed over the past five years. On examination, she is pale-skinned with ginger hair.                                                    The mole on her left calf is shown below:  Which of the following is the most appropriate intervention?	Cryotherapy	Excision biopsy	Loop removal	Punch Biopsy	B	Infectious & Derm	male	Ghana	MCQ
177	images/177.png	i. Identify the instrument shown ii. What is the instrument used for?                                                Answer:   i. Shakir tape/MUAC tape ii. Measurement of the mid upper arm circumferenc					i. Shakir tape/MUAC tape  ii. Measurement of the mid upper arm circumference	PAEDIATRICS	male	Ghana	LAQ
178	images/178.png	i.  Identify the equipment shown  ii.   List 4 indications for its use.            Answer:  i. Silicone 2-way urethral catheter ii. Indications :  Collection of urine samples for investigations Used in diagnostic procedures such as MCUG To monitor urine output To relieve acute urine retention  Bladder irrigation Used for rectal wash-outs					Silicone 2-way urethral catheter  Indications :   Collection of urine samples for investigations  Used in diagnostic procedures such as MCUG  To monitor urine output  To relieve acute urine retention   Bladder irrigation  Used for rectal wash-outs	PAEDIATRICS	male	Ghana	LAQ
179	images/179.png	What sign is shown in the figure?        Answer: Double bubble sign					Double bubble sign	PAEDIATRICS	male	Ghana	SAQ
180	images/180.jpg	What's the likely diagnosis?         Answer: Duodenal atresia					Duodenal atresia	PAEDIATRICS	male	Ghana	SAQ
181	images/181.jpg	What's the most likely diagnosis?        Answer: Myelomeningocele					Myelomeningocele	PAEDIATRICS	male	Ghana	SAQ
182	images/182.jpg	Mention one preventive measure?      Answer:  Use of folic acid preconception					Use of folic acid preconception	PAEDIATRICS	male	Ghana	SAQ
183	images/183.jpg	What's the diagnosis in an African child?       Answer: Sickle cell dactylitis (hand and foot syndrome)					i. Sickle cell dactylitis (hand and foot syndrome)	PAEDIATRICS	male	Ghana	SAQ
184	images/184.jpg	State the treatment option.  Answer:  Hydration .Pain medication. Hydroxyurea for subsequent complications					Hydration .Pain medication. Hydroxyurea for subsequent complications	PAEDIATRICS	male	Ghana	SAQ
185	images/185.jpg	A mother brought is 3 year old female to the outpatient department and complains that her child looks different from other children, a karyotyping was done and the results is shown below, What's the likely diagnosis?	Patau syndrome	Edward syndrome	Down syndrome	Turners syndrome	C	PAEDIATRICS	male	Ghana	MCQ
186	images/186.jpg	What is the name of this condition?	Syndactyly	Clinodactyly	Symbrachydactyly	Polydactyly	D	PAEDIATRICS	male	Ghana	MCQ
187	images/187.jpg	A 4 year old male presented with difficulty in breathing and cyanosis with digital clubbing, the X ray below was requested,what's the likely diagnosis	Atrial septal defect	Ventricular septal defect	Patent ductus arteriosus	Tetralogy of fallot	D	PAEDIATRICS	male	Ghana	MCQ
188	images/188.jpg	Which of the following viruses is implicated in this condition	Corona virus	Epstein-Barr virus	Rota virus	Cytomegalovirus	B	PAEDIATRICS	male	Ghana	MCQ
189	images/189.png	Regarding the picture below which of the following is a false statement?	Down syndrome is a risk factor	Obstruction to cerebral blood flow can be a basic problem	It can cause intellectual problems	Increased production of CSF can be a basic problem	A	PAEDIATRICS	male	Ghana	MCQ
190	images/190.jpg	This baby was delivered to a mother with gestational diabetes, which of the following is not a complication	Hypoglycemia	Birth injuries	Congenital anomalies	Hypercalcemia	D	PAEDIATRICS	male	Ghana	MCQ
191	images/191.jpg	A 4 year old male was brought to the emergency with complains of recurrent upper respiratory tract infection, a chest X ray was requested, which of the following is not likely to be a sign on examination	Tachypnoea	Tachycardia	Splenomegaly	Heart murmur	C	PAEDIATRICS	male	Ghana	MCQ
192	images/192.png	Which of the following is not part of the stages of the sign shown	Increased fluctauncy of the nail bed	Increased angle between the nail and the nail bed	Increased curvature of the nail	Expansion of the terminal phalanx (drum stick appearance)	B	PAEDIATRICS	male	Ghana	MCQ
193	images/193.jpg	Which of the following statement regarding this device is true.	It is a long acting ‚ adrenergic receptor agonist	Can be used easily in children below 5 years	It is recommended as a daily dose	It is used during acute exacerbations	D	PAEDIATRICS	male	Ghana	MCQ
194	images/194.jpg	Which of the following is not a complication of the device below	Dehydration	Diarrhea	Vomiting	Bronze baby syndrome	C	PAEDIATRICS	male	Ghana	MCQ
195	images/195.png	What is this condition called	Gastroschisis	Omphalitis	Prune belly syndrome	Omphalocele	C	PAEDIATRICS	male	Ghana	MCQ
196	images/196.jpg	This 18 hours old baby was brought to the emergency room with yellowish discolration of eyes and skin which was seen soon after birth,which of the following is not a likley cause	Rhesus incompatibility	ABO incompatibility	Pyurvate kinase deficiency	Sickle cell anemia	D	PAEDIATRICS	male	Ghana	MCQ
197	images/197.jpg	The picture below shows the head of a 2 days old baby with pallor, on examination child was noted to be in shock with obvious head swelling which was diffuse and boggy, what is the likely diagnosis ?	Caput succedaneum	Cephalhaematoma	Chignon	Subgaleal bleed	D	PAEDIATRICS	male	Ghana	MCQ
198	images/198.jpg	This 7 years old female presented with early morning facial puffiness for 2 weeks, there was a prior history of sore throat which was not treated, on examination there was facial fullness, urine protein of 2+, hypertension and hematuria, whatâ€™s the likely diagnosis	Acute kidney injury	Chronic kidney injury	Nephrotic syndrome	Post streptococcal glomerulonephritis	D	PAEDIATRICS	male	Ghana	MCQ
199	images/199.jpg	One week old baby being managed in the NICU, was noted to be febrile, irritable, had abdominal distension and vomiting, an abdominal x ray was requested ,what is the likely diagnosis	Necrotising enterocolitis	Volvulus	Milk curd syndrome	ischemic bwel syndrome	A	PAEDIATRICS	male	Ghana	MCQ
200	images/200.jpg	Which part of the lungs is most commonly affected in primary tuberculosis?    Answer:   Lower part of the upper lobe or upper part of the lower lobe, usually near the pleura.					 Lower part of the upper lobe or upper part of the lower lobe, usually near the pleura.	PATHOLOGY	Female	Ghana	LAQ
201	images/201.png	What is the primary pathological mechanism leading to pipe-stem fibrosis in Schistosoma japonicum infection?         Answer:  Chronic immune response to Schistosoma eggs, leading to granulomatous inflammation and periportal fibrosis.					Chronic immune response to Schistosoma eggs, leading to granulomatous inflammation and periportal fibrosis.	PATHOLOGY	Female	Ghana	LAQ
202	images/202.png	What genetic mutation is responsible for cystic fibrosis as seen in the image, and what is its effect on chloride transport?     Answer:  Mutation in the CFTR gene leads to defective chloride ion transport, resulting in thick mucus secretions.					Mutation in the CFTR gene leads to defective chloride ion transport, resulting in thick mucus secretions.	PATHOLOGY	Female	Ghana	LAQ
203	images/203.png	What is the most common nutritional deficiency leading to the condition in the image?   Answer:  Vitamin D deficiency					Vitamin D deficiency	PATHOLOGY	Female	Ghana	SAQ
204	images/204.png	A 2-month-old infant is brought to the pediatric clinic with the lesion in the image. The lesion was present at birth and has been gradually increasing in size.  What is the most likely diagnosis, and what is the expected clinical course of this condition?       Answer:   The most likely diagnosis is a congenital hemangioma. In many cases, hemangiomas spontaneously regress over time without requiring treatment.					 The most likely diagnosis is a congenital hemangioma. In many cases, hemangiomas spontaneously regress over time without requiring treatment.	PATHOLOGY	Female	Ghana	LAQ
205	images/205.png	WHAT DOES THIS PICTURE SHOW?                          Answer: Vacuum delivery					Vacuum delivery	PATHOLOGY	Female	Ghana	SAQ
206	images/209.jpg	MENTION 4 INDICATIONS       Answer:  1) Labor is prolonged or stalled in the second stage 2) The baby's heart rate is considered non-reassuring 3) The mother can't push anymore due to exhaustion  4) maternal health condition that needs shortening of the second stage					1. Labor is prolonged or stalled in the second stage  2. The baby’s heart rate is considered “non-reassuring”  3. The mother can't push anymore due to exhaustion   4. Maternal health condition that needs shortening of the second stage	PATHOLOGY	Female	Ghana	LAQ
207	images/209.jpg	What ARE THE PRE-REQUISITES?     Answer:  1) Bladder must be emptied  2) Cervix fully dilated 3) No evidence of CPD  4) Vertex presentation and not above the station of +2 5) Membranes must be ruptured More than 34 weeks					1. Bladder must be emptied  2. Cervix fully dilated 3. No evidence of CPD  4. Vertex presentation and not above the station of +2 5. Membranes must be ruptured.  More than 34 weeks 	PATHOLOGY	Female	Ghana	LAQ
208	images/209.jpg	MENTION 5 COMPLICATIONS         Answer:  1) MATERNAL Soft tissue injuries to the vagina, cervix, perineum  Annular detachment of cervix  Traumatic postpartum hemorrhage   2) FETUS  Cephalhematoma  Intracranial hemorrhage  Subconjunctival hemorrhage  Retinal hemorrhage  Fetal asphyxia  Neonatal jaundice					1. MATERNAL – Soft tissue injuries to the vagina, cervix, perineum – Annular detachment of cervix – Traumatic postpartum hemorrhage   2. FETUS – Cephalhematoma – Intracranial hemorrhage – Subconjunctival hemorrhage – Retinal hemorrhage – Fetal asphyxia – Neonatal jaundice	PATHOLOGY	Female	Ghana	LAQ
209	images/209.jpg	What condition is shown in the picture?         Answer: Conjoint twins.					Conjoint twins.	PATHOLOGY	Female	Ghana	SAQ
210	images/213.jpg	What time of post-fertilization embryonic division can it occur?      Answer:  Division occurring after 12days post-fertilisation					Division occurring after 12days post-fertilisation	PATHOLOGY	Female	Ghana	SAQ
211	images/213.jpg	What percentage of twin pregnancies does it affect?             Answer: Affects <1% of twins.					Affects <1% of twins.	PATHOLOGY	Female	Ghana	SAQ
212	images/213.jpg	Name the different types of this condition?            Answer:  1) Thoraco-omphalopagus (joined at thorax and abdomen) 28% 2) Thoracopagus (joined at the thorax) 18.5% 3) Omphalopagus (joined at the abdomen) 10% 4) Heteropagus (parasitic twins) 10% 5) Craniopagus (joined at the level of the cranium) 6%					1. Thoraco-omphalopagus (joined at thorax and abdomen) 28% 2. Thoracopagus (joined at the thorax) 18.5% 3. Omphalopagus (joined at the abdomen) 10% 4. Heteropagus (parasitic twins) 10% 5. Craniopagus (joined at the level of the cranium) 6%	PATHOLOGY	Female	Ghana	LAQ
213	images/213.jpg	What is the position of the fetal head in picture A?         Answer:   Occipito-posterior position.					Occipito-posterior position.	PATHOLOGY	Female	Ghana	SAQ
214	images/217.jpg	What is the attitude of the fetus in picture B?           Answer:    Flexion.					Flexion.	PATHOLOGY	Female	Ghana	SAQ
215	images/217.jpg	What is the engaging diameter in picture A?        Answer:     The engaging diameter is 11.0cm.					The engaging diameter is 11.0cm.	PATHOLOGY	Female	Ghana	SAQ
216	images/217.jpg	What is the mechanism by the fetal head in A can be delivered?        Answer:  The head hits the pelvic floor (pelvic gutter), undergoes a long rotation, which results in flexion and anterior rotation of the fetal head.					The head hits the pelvic floor (pelvic gutter), undergoes a long rotation, which results in flexion and anterior rotation of the fetal head.	PATHOLOGY	Female	Ghana	LAQ
217	images/217.jpg	What is the diagnosis of the condition in pictures A?      Answer:     Abruptio placenta.					Abruptio placenta.	PATHOLOGY	Female	Ghana	SAQ
218	images/222.png	What is the diagnosis of the condition (picture B) noticed following delivery of the placenta of the baby in A?       Answer:   Retroplacental clot					Retroplacental clot.	PATHOLOGY	Female	Ghana	SAQ
219	images/222.png	What are the clinical types?       Answer:   Clinical types: 1) Revealed 2) Concealed 3) Mixed					Clinical types: Revealed Concealed Mixed	PATHOLOGY	Female	Ghana	SAQ
220	images/222.png	Name 5 causes/risk factors?            Answer:  1) Hypertension in pregnancy 2) Trauma to the abdomen 3) Artificial rupture of membranes  4) Smoking					1. Hypertension in pregnancy 2. Trauma to the abdomen 3. Artificial rupture of membranes  Smoking	PATHOLOGY	Female	Ghana	SAQ
221	images/222.png	Name 5 complications of the condition.          Answer:  1)  Postpatum haemorrhage 2) Disseminated intravascular coagulopathy 3) Fetal distress 4) Neonatal anaemia        . 5) Perinatal Mortality and maternal mortality					1. Postpatum haemorrhage 2. Disseminated intravascular coagulopathy 3. Fetal distress 4. Neonatal anaemia        . 5. Perinatal Mortality and maternal mortality	PATHOLOGY	Female	Ghana	LAQ
222	images/222.png	What is the diagnosis of the condition shown in the two (2) pictures     Answer:    Anencephaly					Anencephaly	PATHOLOGY	Female	Ghana	SAQ
223	images/226.png	How may the diagnosis be made antenatally?        Answer: 1) Elevated serum alpha feto-protein levels 2) Ultrasound features a Absent calvarium b) Minimal/absent brain tissue c) Frog eye appearance d) Polyhydramnios					1. Elevated serum alpha feto-protein levels 2. Ultrasound features  a. Absent calvarium  b. Minimal/absent brain tissue  c. Frog eye appearance  d. Polyhydramnios	PATHOLOGY	Female	Ghana	LAQ
224	images/226.png	How may it be prevented?          Answer: 1)  For women without previous history or high risk factors  400ug folic acid dly  3/12 prior to next conception 2) For women with previous history or high risk factors  5mg folic acid dly  3/12 prior to next conception					1. For women without previous history or high risk factors – 400ug folic acid dly ≈ 3/12 prior to next conception 2. For women with previous history or high risk factors – 5mg folic acid dly ≈ 3/12 prior to next conception	PATHOLOGY	Female	Ghana	LAQ
225	images/226.png	Briefly outline the management of a 26-year old nulliparous woman whose fetus is diagnosed with this condition at 16 weeks gestation if after appropriate counselling she accepts to have the pregnancy terminated.					1. Admit 2. Secure i.v. access  3. Obtain samples for  a. FBC  b. Sickling  c. Blood grouping & rhesus typing  d. Crossmatch for blood 4. Termination of pregnancy  5. Pain relief using opoids [i.m. pethidine 50 – 100mg 6hrly]  a. Post expulsion  b. Counsel and provide emotional support  c. Oral antibiotics  d. Amoxiclav 1g 12hrly x 5 -7 days  e. Metronidazole 400mg 8 - 12hrly x 5 – 7 days  f. Analgesia  g. Suppository diclofenac 100mg bd x 5  h. Oral paracetamol 1g tds x 5  i. Oral folic acid 5mg dly	PATHOLOGY	Female	Ghana	LAQ
226	images/226.png	What is the name of the instrument pictured above	Deaver's retractor	Doyen's retractor	Morrison's retractor	Hasselbach's retractor	B	PATHOLOGY	Female	Ghana	MCQ
227	images/231.png	What is it used for?	To retract the skin for easy suturing during hysterectomies	To retract the skin for easy access to the fascia for suturing	To retract the bladder peritoneum for access to the uterine incision for suturing during caesarean section	For access to the peritoneal cavity	C	PATHOLOGY	Female	Ghana	MCQ
228	images/231.png	What complication could arise from its use?	Haemorrhage	Infection	Haematuria	Surgical Site Infection	C	PATHOLOGY	Female	Ghana	MCQ
229	images/231.png	What characteristic makes it particularly useful in surgery?	Its ability to cauterize tissue	Its narrow, curved blades for gentle tissue traction	Its ability to secure blood vessels	Its sharp cutting edge	B	PATHOLOGY	Female	Ghana	MCQ
230	images/231.png	What type of tissue does the instrument typically help to retract?	Bone	Soft tissues and organs	Nerves	Blood vessels	B	PATHOLOGY	Female	Ghana	MCQ
231	images/231.png	Identify the instrument pictured above	Green Armytage	Artery forceps	Dissecting Forceps	Alligator Forceps	A	PATHOLOGY	Female	Ghana	MCQ
232	images/235.png	What is its primary purpose?	To cut tissues separately during sharp dissection	To suture blood vessels	To clamp arteries that bleed on contact during laparotomies	To hold the edges of the uterine incision during Caesarean Section	D	PATHOLOGY	Female	Ghana	MCQ
233	images/235.png	What common complication is associated with its use?	Tissue injury from excessive retraction force	Inability to retract tissues	Uncontrolled bleeding	Bone fractures	A	PATHOLOGY	Female	Ghana	MCQ
234	images/235.png	How many are usually used for a Caesarean Section?	2	3	4	5	B	PATHOLOGY	Female	Ghana	MCQ
235	images/235.png	What procedure is shown above	Suction curettage	Clinical pelvimetry	Placement of IUCD	Manual Vacuum aspiration	D	PATHOLOGY	Female	Ghana	MCQ
236	images/240.png	It may be indicated in the following conditions except	Threatened miscarriage	Septic Miscarriage	Blighted ovum	Incomplete miscarriage	A	PATHOLOGY	Female	Ghana	MCQ
237	images/240.png	The instruments pictured above include:	Sims Speculum, tenaculum and aspirator	Graves Speculum,tenaculum and aspirator	Couscous speculum, tenaculum and aspirator	Couscous speculum, vulsellum and aspirator	C	PATHOLOGY	Female	Ghana	MCQ
238	images/240.png	Which complication could occur and may warrant operative intervention?	Infection	Bleeding	Retained products	Uterine perforation	D	PATHOLOGY	Female	Ghana	MCQ
239	images/240.png	The following could all indicate complete emptying except	Bleeding becomes pinkish and has bubbles	Gritty feeling on suctioning	Uterus suddenly becomes smaller	Uterus seems to hug the cannula	D	PATHOLOGY	Female	Ghana	MCQ
240	images/240.png	A 27 yr old Nulligravid woman requests evaluation because of two strange spots on her vulva pictured below. Her sexual partner has noted similar spot on the glans of her penis. What is the likely diagnosis          Answer:       Primary Syphilis					Primary Syphilis	OBSTETRICS AND GYNAECOLOGY	Female	Kenya	SAQ
241	images/245.png	A 27 yr old Nulligravid woman requests evaluation because of two strange spots on her vulva pictured below. Her sexual partner has noted similar spot on the glans of her penis. What is the most appropriate diagnostic tests for this patient           Answer:      Dark field microscopy of scrapping from lesion					Dark field microscopy of scrapping from lesion	OBSTETRICS AND GYNAECOLOGY	Female	Kenya	SAQ
242	images/245.png	A 27 yr old Nulligravid woman requests evaluation because of two strange spots on her vulva pictured below. Her sexual partner has noted similar spot on the glans of her penis. What is the appropriate treatment for this patient         Answer:     2.4 mil units  of IM Benzathine Penicillin					2.4 mil units of IM Benzathine Penicillin	OBSTETRICS AND GYNAECOLOGY	Female	Kenya	SAQ
243	images/245.png	A 27 yr old Nulligravid woman requests evaluation because of two strange spots on her vulva pictured below. Her sexual partner has noted similar spot on the glans of her penis. What other tests should be done on this patient?         Answer:   Test for other STDS especially HIV					Test for other STDS especially HIV	OBSTETRICS AND GYNAECOLOGY	Female	Kenya	SAQ
244	images/245.png	A 27 yr old Nulligravid woman requests evaluation because of two strange spots on her vulva pictured below. Her sexual partner has noted similar spot on the glans of her penis. What is the most effective way of preventing syphilis?          Answer: Barrier methods- correct and consistent use of condoms					Barrier methods- correct and consistent use of condoms	OBSTETRICS AND GYNAECOLOGY	Female	Kenya	SAQ
245	images/245.png	A 26 yr old woman para 0+1 gravida 2 at 5 weeks gestation requests evaluation because of acute left lower quadrant pain and vaginal spotting.  What further questions would you ask in the history to aid in making a diagnosis.       Answer:     1) When did your last menstrual period start? 2) Have you had any previous ectopic pregnancies? 3) Have you had any pelvic infections (like PID or STIs)? 4) Are you experiencing shoulder tip pain or dizziness? 5) Have you had any fertility treatments or used IUDs?					1. When did your last menstrual period start? 2. Have you had any previous ectopic pregnancies? 3. Have you had any pelvic infections (like PID or STIs)? 4. Are you experiencing shoulder tip pain or dizziness? 5. Have you had any fertility treatments or used IUDs?	OBSTETRICS AND GYNAECOLOGY	Female	Kenya	LAQ
246	images/252.png	A 26 yr old woman para 0+1 gravida 2 at 5 weeks gestation requests evaluation because of acute left lower quadrant pain and vaginal spotting.  What is the likely diagnosis.          Answer:  Ruptured Tubal Ectopic pregnancy					Ruptured Tubal Ectopic pregnancy	OBSTETRICS AND GYNAECOLOGY	Female	Kenya	SAQ
247	images/252.png	A 26 yr old woman para 0+1 gravida 2 at 5 weeks gestation requests evaluation because of acute left lower quadrant pain and vaginal spotting.  What are your differentials?        Answer:      Threatened abortion Ruptured ovarian cyst Ovarian Torsion Pelvic inflammatory disease Endometriosis Appendicitis UTI Nephrolithiasis					Threatened abortion Ruptured ovarian cyst Ovarian Torsion Pelvic inflammatory disease Endometriosis Appendicitis UTI Nephrolithiasis 	OBSTETRICS AND GYNAECOLOGY	Female	Kenya	LAQ
248	images/252.png	A 26 yr old woman para 0+1 gravida 2 at 5 weeks gestation requests evaluation because of acute left lower quadrant pain and vaginal spotting. What are the risk factors of Ectopic Pregnancy?           Answer:       Previous ectopic pregnancy, Chlamydial infection/ STDs Pelvic inflammatory disease Previous tubal surgery Congenital tubal anomalies Assisted reproductive technology Contraceptive  use  Previous abdominal/ pelvic surgery Smoking  Age >35					Previous ectopic pregnancy, Chlamydial infection/ STDs Pelvic inflammatory disease Previous tubal surgery Congenital tubal anomalies Assisted reproductive technology Contraceptive  use  Previous abdominal/ pelvic surgery Smoking  Age >35  	OBSTETRICS AND GYNAECOLOGY	Female	Kenya	LAQ
249	images/252.png	A 26 yr old woman para 0+1 gravida 2 at 5 weeks gestation requests evaluation because of acute left lower quadrant pain and vaginal spotting. What are the physical sings that suggest the diagnosis of a ruptured ectopic pregnancy          Answer:    Pallor, anxiety, distress  Vitals- Hypotension, tachycardia Guarding ,Rebound tenderness,  Dullness in flanks					Pallor, anxiety, distress  Vitals- Hypotension, tachycardia Guarding ,Rebound tenderness,  Dullness in flanks 	OBSTETRICS AND GYNAECOLOGY	Female	Kenya	LAQ
250	images/252.png	A 26 yr old woman para 0+1 gravida 2 at 5 weeks gestation requests evaluation because of acute left lower quadrant pain and vaginal spotting. What is the most appropriate Treatment for the patient mentioned above.					Laparascopic Salphingectomy	OBSTETRICS AND GYNAECOLOGY	Female	Kenya	SAQ
251	images/252.png	A 26 yr old woman para 0+1 gravida 2 at 5 weeks gestation requests evaluation because of acute left lower quadrant pain and vaginal spotting.  What are the possible complications of this procedure (2 marks)            Answer:  Surgical site infection Thromboelmbolic events  Allergic reaction to anaesthesia  Conversion to open surgery Organ injury Nerve injury					Surgical site infection Thromboelmbolic events  Allergic reaction to anaesthesia  Conversion to open surgery Organ injury Nerve injury	OBSTETRICS AND GYNAECOLOGY	Female	Kenya	LAQ
252	images/252.png	A 25 yr old woman, Para 1+0 G 2, presented to the ER for evaluation of nausea, vomiting, palpitations and vaginal bleeding. LMP was 9 weeks ago. Pelvic examination showed a 14 week sized uterus and bilateral adnexal masses. Urine pregnancy test was positive, the quantitative B-HCG was 140,965 mu/ml. A TVS showed the image below What is the diagnosis?      Answer:     Complete Molar Pregnancy, no presence of a fetus in the ultrasound					Complete Molar Pregnancy, no presence of a fetus in the ultrasound	OBSTETRICS AND GYNAECOLOGY	Female	Kenya	SAQ
253	images/259.png	A 25 yr old woman, Para 1+0 G 2, presented to the ER for evaluation of nausea, vomiting, palpitations and vaginal bleeding. LMP was 9 weeks ago. Pelvic examination showed a 14 week sized uterus and bilateral adnexal masses. Urine pregnancy test was positive, the quantitative B-HCG was 140,965 mu/ml. A TVS showed the image below What is the karyotype of such gestation          Answer:  46 XX or 46 XY					46 XX or 46 XY	OBSTETRICS AND GYNAECOLOGY	Female	Kenya	SAQ
254	images/259.png	A 25 yr old woman, Para 1+0 G 2, presented to the ER for evaluation of nausea, vomiting, palpitations and vaginal bleeding. LMP was 9 weeks ago. Pelvic examination showed a 14 week sized uterus and bilateral adnexal masses. Urine pregnancy test was positive, the quantitative B-HCG was 140,965 mu/ml. A TVS showed the image below What is the typical sign seen on ultrasound above?          Answer:     Snow storm appearance, Grapes appearance with no fetus					Snow storm appearance, Grapes appearance with no fetus	OBSTETRICS AND GYNAECOLOGY	Female	Kenya	SAQ
255	images/259.png	A 25 yr old woman, Para 1+0 G 2, presented to the ER for evaluation of nausea, vomiting, palpitations and vaginal bleeding. LMP was 9 weeks ago. Pelvic examination showed a 14 week sized uterus and bilateral adnexal masses. Urine pregnancy test was positive, the quantitative B-HCG was 140,965 mu/ml. A TVS showed the image below What are the risk factors for Molar pregnancy         Answer:   Age <15yrs >40yrs Prior hx of H. Mole Prior Spontaneous Abortion Vitamin A deficiency Combined oral contraceptive use					Age <15yrs >40yrs Prior hx of H. Mole Prior Spontaneous Abortion Vitamin A deficiency Combined oral contraceptive use	OBSTETRICS AND GYNAECOLOGY	Female	Kenya	LAQ
256	images/259.png	A 25 yr old woman, Para 1+0 G 2, presented to the ER for evaluation of nausea, vomiting, palpitations and vaginal bleeding. LMP was 9 weeks ago. Pelvic examination showed a 14 week sized uterus and bilateral adnexal masses. Urine pregnancy test was positive, the quantitative B-HCG was 140,965 mu/ml. A TVS showed the image below What are the signs and symptoms of a partial Hydatidiform mole?        Answer:      Vaginal bleeding Absence of fetal heart tones Hyperemesis Gravidarum Uterine Size Larger than gestational age Preeclampsia Theca leutein ovarian cysts					Vaginal bleeding Absence of fetal heart tones Hyperemesis Gravidarum Uterine Size Larger than gestational age Preeclampsia Theca leutein ovarian cysts 	OBSTETRICS AND GYNAECOLOGY	Female	Kenya	LAQ
257	images/259.png	A 25 yr old woman, Para 1+0 G 2, presented to the ER for evaluation of nausea, vomiting, palpitations and vaginal bleeding. LMP was 9 weeks ago. Pelvic examination showed a 14 week sized uterus and bilateral adnexal masses. Urine pregnancy test was positive, the quantitative B-HCG was 140,965 mu/ml. A TVS showed the image below What are the differential diagnosis          Answer:    Abortion Multiple Pregnancy Polyhydramnios					Abortion Multiple Pregnancy Polyhydramnios	OBSTETRICS AND GYNAECOLOGY	Female	Kenya	SAQ
258	images/259.png	A 25 yr old woman, Para 1+0 G 2, presented to the ER for evaluation of nausea, vomiting, palpitations and vaginal bleeding. LMP was 9 weeks ago. Pelvic examination showed a 14 week sized uterus and bilateral adnexal masses. Urine pregnancy test was positive, the quantitative B-HCG was 140,965 mu/ml. A TVS showed the image below What is the definitive managementWhat is the definitive management       Answer:     Suction curratage					Suction curratage	OBSTETRICS AND GYNAECOLOGY	Female	Kenya	SAQ
259	images/259.png	A 32 year old woman presents to the GOPC with complaints of irregular bleeding throughout the month for 6 months. She undergoes surgery and the specimen pictured below is removed and taken to pathology. What was her Pre-operative Diagnosis   Answer:     Uterine Fibroids					Uterine Fibroids	OBSTETRICS AND GYNAECOLOGY	Female	Kenya	SAQ
260	images/264.jpg	A 32 year old woman presents to the GOPC with complaints of irregular bleeding throughout the month for 6 months. She undergoes surgery and the specimen pictured below is removed and taken to pathology. What procedure was done            Answer:     Myomectom					Myomectom	OBSTETRICS AND GYNAECOLOGY	Female	Kenya	SAQ
261	images/264.jpg	A 32 year old woman presents to the GOPC with complaints of irregular bleeding throughout the month for 6 months. She undergoes surgery and the specimen pictured below is removed and taken to pathology. What are the symptoms caused by the above in					Abnormal uterine bleeding Reproductive failure Subfertility Recurrent pregnancy loss Bulk effects on adjacent structures Pressure and pain Bladder and bowel dysfunction  Abdominal distension	OBSTETRICS AND GYNAECOLOGY	Female	Kenya	LAQ
262	images/264.jpg	A 32 year old woman presents to the GOPC with complaints of irregular bleeding throughout the month for 6 months. She undergoes surgery and the specimen pictured below is removed and taken to pathology. What are the examination findings you would elicit in this patient prior to surgery                    Answer:      General examination- Anaemia- pallor Abdominal Examination- visible and or palpable mass arising from the pelvis Bimanual Exam- Enlarged, firm, smooth or irregular non- tender uterus palpable					General examination- Anaemia- pallor Abdominal Examination- visible and or palpable mass arising from the pelvis Bimanual Exam- Enlarged, firm, smooth or irregular non- tender uterus palpable 	OBSTETRICS AND GYNAECOLOGY	Female	Kenya	LAQ
263	images/264.jpg	A 32 year old woman presents to the GOPC with complaints of irregular bleeding throughout the month for 6 months. She undergoes surgery and the specimen pictured below is removed and taken to pathology. What are the useful tests that can aid in coming up with the above diagnosis               Answer:        Transvaginal ultrasound scans  Transabdominal ultrasound scans  Saline infusion scans  Hysteroscopy MRI					Transvaginal ultrasound scans  Transabdominal ultrasound scans  Saline infusion scans  Hysteroscopy MRI	OBSTETRICS AND GYNAECOLOGY	Female	Kenya	LAQ
264	images/264.jpg	A 32 year old woman presents to the GOPC with complaints of irregular bleeding throughout the month for 6 months. She undergoes surgery and the specimen pictured below is removed and taken to pathology. Elaborate the other available modes of treatment for the above condition              Answer:       Medical management- LNG IUS (MIREN					Medical management- LNG IUS (MIRENA), Tranexamic acid, Mefenamic acid, COCP GnRH agonist Ulipristal Acetate Surgical management- Hysteroscopy, Myomectomy- open/Laparascopic, Hysterectomy Radiology- Uterine Artery Embbolization,  HIFU- High intensity Focused Ultrasonography	OBSTETRICS AND GYNAECOLOGY	Female	Kenya	LAQ
265	images/265.jpg	A couple comes for evaluation in the GOPC with complaints of failure to conceive 12 months in their marriage. As a gynecologist, you request the test illustrated below.  Define Subfertility                Answer:    Failure to conceive after 12 months of regular unprotected sexual intercourse.					Failure to conceive after 12 months of regular unprotected sexual intercourse.	OBSTETRICS AND GYNAECOLOGY	Female	Kenya	SAQ
266	images/271.jpg	What questions to the female will be asked during history taking           Answer:    Age Length of time spent trying for pregnancy Any previous pregnancies Coital Frequency Occupation General Gyn hx Previous hx of PID Medical and surgical hx Previous fertility treatment Cervical smear hx Hx of thyroid disorders					Age Length of time spent trying for pregnancy Any previous pregnancies Coital Frequency Occupation General Gyn hx Previous hx of PID Medical and surgical hx Previous fertility treatment Cervical smear hx Hx of thyroid disorders	OBSTETRICS AND GYNAECOLOGY	Female	Kenya	LAQ
267	images/271.jpg	What questions to the male will be asked during history taking                      Answer:     Age Length of time trying for pregnancy Fathered any previous pregnancies Hx of mumps or measles Hx of testicular trauma or surgery to the testis Occupation Medical and surgical hx					 Age Length of time trying for pregnancy Fathered any previous pregnancies Hx of mumps or measles Hx of testicular trauma or surgery to the testis Occupation Medical and surgical hx	OBSTETRICS AND GYNAECOLOGY	Female	Kenya	LAQ
268	images/271.jpg	What dietary preconception advice would you give the patients              Answer:  Folic acid 400¼g up until 12 weeks gestation and Vitamin D 10¼g throughout pregnancy If there is a history of NTD or use of anti epileptic drugs Folic acid  5mg					Folic acid 400μg up until 12 weeks gestation and Vitamin D 10μg throughout pregnancy If there is a history of NTD or use of anti epileptic drugs Folic acid – 5mg	OBSTETRICS AND GYNAECOLOGY	Female	Kenya	LAQ
269	images/271.jpg	What are the causes of Female subfertility                         Answer:    Ovulatory disorder Tubal Disorders Endometriosis Uterine disorders					Ovulatory disorder Tubal Disorders Endometriosis Uterine disorders	OBSTETRICS AND GYNAECOLOGY	Female	Kenya	LAQ
270	images/271.jpg	Identify the test illustrated in the image above and list others used in evaluation of a female patient                      Answer:   Hysterosalphingogram Hysterocontrast sonography Laparascopy Hysteroscopy					Hysterosalphingogram Hysterocontrast sonography Laparascopy Hysteroscopy	OBSTETRICS AND GYNAECOLOGY	Female	Kenya	LAQ
271	images/271.jpg	Describe FIVE characteristics of a Pelvic Mass                    Answer:     1)  Location-1, Shape-1, Size-1, Number-1,  2) Mobile or Fixed-1,  3) Smooth or Nodular-1, 4) Firm/Soft-1,  Solid/Cystic-1 5) Cannot go under/below it-1 6) Cervix moves away from exam finger when mass pushed cephalad-1.					1. Location-1, Shape-1, Size-1, Number-1,  2. Mobile or Fixed-1,  3. Smooth or Nodular-1, 4. Firm/Soft-1,  Solid/Cystic-1 5. Cannot go under/below it-1 6. Cervix moves away from exam finger when mass pushed cephalad-1.   	OBSTETRICS AND GYNAECOLOGY	Female	Kenya	LAQ
272	images/275.jpg	Give TWO characteristics that distinguish a uterine mass from an ovarian mass.        Answer:    1) Sulcus between Ovarian and Uterine mass-3 2) Uterine mass moves cephalad while and ovarian mass does not-3.					1. Sulcus between Ovarian and Uterine mass-3  2. Uterine mass moves cephalad while and ovarian mass does not-3.	OBSTETRICS AND GYNAECOLOGY	Female	Kenya	LAQ
273	images/275.jpg	What SIX investigations would you do and why especially if you were to prepare this patient for surgery?             Answer:   1)  FBC-h/o bleeding, prep for surgery 2) U/E-obstructive uropathy, surgery prep 3) Urinalysis-UTI due to urinary stasis 4) Urine/Serum HCG to R/O pregnancy 5) Pap smear-R/O Ca Cervix  6) Pelvic Scan-position, origin, number, characteristics. 7) Ca 125-to rule out ovarian malignancy 8) MRI-Identify malignancies and metastasis					1. FBC-h/o bleeding, prep for surgery  2. U/E-obstructive uropathy, surgery prep  3. Urinalysis-UTI due to urinary stasis  4. Urine/Serum βHCG—to R/O pregnancy  5. Pap smear-R/O Ca Cervix   6. Pelvic Scan-position, origin, number, characteristics.  7. Ca 125-to rule out ovarian malignancy  8. MRI-Identify malignancies and metastasis	OBSTETRICS AND GYNAECOLOGY	Female	Kenya	LAQ
274	images/275.jpg	Give FOUR differential diagnosis of a pelvic mass                      Answer:      1) Uterine myoma 2) Ovarian tumors 3) Pregnancy 4) Follicular ror Corpus luteal cysts 5) Impacted Stool   6) Endometriomas					1. Uterine myoma  2. Ovarian tumors  3. Pregnancy  4. Follicular ror Corpus luteal cysts  5. Impacted Stool   6. Endometriomas	OBSTETRICS AND GYNAECOLOGY	Female	Kenya	LAQ
275	images/275.jpg	What is the identity of the parasite shown in the image below obtained from a wet mount specimen from mucosal scraping from a patient who works in a slaughterhouse?	Entamoeba dispar	Cryptosporidium parvum	Entamoeba histolytica	Balantidium coli	D	INFECTIOUS DISEASE	Male	Kenya	MCQ
276	images/276.png	A 30-year-old man experiences a burning sensation while urinating. He had recently traveled to a west African country. The image shows parasite eggs seen in his urine sample following centrifugation and microscopic examination. Which one of the following is the vector for the parasite.	Sandfly	Mosquito	Snail	Housefly	C	INFECTIOUS DISEASE	Male	Kenya	MCQ
277	images/277.png	A 40-year-old patient has fever, cough, and dyspnea, and a history of severe asthma that requires frequent treatment with oral prednisone. Cavitary lesions are seen in a chest radiograph of the patient. Growth of the organism on buffered charcoal yeast extract agar is slow and characterized by the formation of aerial hyphae with appearance in the image below following Gram stain. How did the patient get infected by the pathogen?	Inhalation of arthroconidia from soil	Inhalation of microconidia from soil	Person-to-person by inhalation of respiratory droplets	Inhalation of the bacterium in soil	D	INFECTIOUS DISEASE	Male	Kenya	MCQ
278	images/278.png	Blood cultures from A 65-year-old man diagnosed clinically with subacute infective endocarditis did not grow any organisms until after 14 days of culture. Isolated organisms are part of normal mouth flora and had the appearance shown in the image below in Gram stain. Which one of the following group of organisms was the man infected with?	Coagulase-negative staphylococci	Coagulase-positive staphylococci	Enterococci	HACEK group	D	INFECTIOUS DISEASE	Male	Kenya	MCQ
279	images/279.png	Which one of the following diseases is of concern to a physician attending to street families in Nairobi who are infested with the bugs whose image is shown:	Cholera	Ebola	Epidemic typhus	Q fever	C	INFECTIOUS DISEASE	Male	Kenya	MCQ
280	images/280.png	Which of the following humoral immune evasion strategies are used by the parasite shown in the image	Cysteine proteinase production	Host antigenic mimicry	Glycoprotein switching	Lectin adhesion	C	INFECTIOUS DISEASE	Male	Kenya	MCQ
281	images/281.png	A 30-year-old patient presented with malodorous vaginal discharge, and a motile microbe was detected in saline wet microscopic preparation. What is the diagnosis considering the following observation from a stained preparation?	Bacterial vaginosis	Candidiasis	Chlamydia	Trichomoniasis	D	INFECTIOUS DISEASE	Male	Kenya	MCQ
282	images/282.png	A 7-year-old child in rural central Kenya complains of stomachache for the last 24. Hours, and had poor appetite in the last several weeks and episodes of diarrhoea. The child had vomited worms, with shown in the image. State the diagnosis	Ascariasis	Strongyloidiasis	Hemolytic uremic syndrome	Salmonella enterocolitis	A	INFECTIOUS DISEASE	Male	Kenya	MCQ
283	images/283.png	Name the antifungal agent recommended for the treatment of the nail condition shown	Amphotericin B	Flucytosine	Terbinafine	Voriconazole	C	INFECTIOUS DISEASE	Male	Kenya	MCQ
284	images/284.png	Identify the fungal species  grows  cream colored colonies in normal media at 370C and yields cellular growth in rabbit plasma as shown in the image. Identify the fungal species.	Aspergillus flavis	Candida albicans	Coccidioides immitis	Pneumocystis jiroveci	B	INFECTIOUS DISEASE	Male	Kenya	MCQ
285	images/285.png	The organism shown was recovered from a patient suffering from enteric fever. Which one of the following is the reason behind the appearance of black colonies:	Production of hydrogen sulphide gas by the organism	Formation of sporangiophore by the pathogen	Fermentation of media due to anaerobic respiration by the organisms	Production of catalase by the organisms	A	INFECTIOUS DISEASE	Male	Kenya	MCQ
286	images/286.jpg	The British tourist to Kenya was admitted in Aga Khan university hospital in Nairobi complaining of abdominal pains and frequent diarrhoea. Culture of a rectal swab revealed the colonies shown in the media. What is the most probable aetiological agent	Salmonella typhi	Enterotoxigenic E. coli (ETE	C) Vibrio cholerae	Shigella flexneri	B	INFECTIOUS DISEASE	Male	Kenya	MCQ
287	images/287.jpg	Identify the parasite shown	Ascaris lumbricoides	Echinococcus granulosum	Taenia solium	Toxocara canis	C	INFECTIOUS DISEASE	Male	Kenya	MCQ
288	images/288.png	The image shows massive scrotal lymphedema in a 25 year old farmer at the Kenyan coast, also known to be endemic for Culex and Anapheles mosquitoes. What is the most probable aetiology for the lesion shown:	Schistosoma hematobium	Wuchereria bancrofti	Onchocerca volvulus	Ancylostoma duodenale	B	INFECTIOUS DISEASE	Male	Kenya	MCQ
289	images/289.jpg	The image shows ova observed in a stool specimen from a school children in western Kenya. What drug is used to treat this infection?	Albendazole	Metronidazole	praziquantel	 Quinin	C	INFECTIOUS DISEASE	Male	Kenya	MCQ
290	images/290.png	Identify the type of test shown.                 Answer:     Catalase test					Catalase test	INFECTIOUS DISEASE	Male	Kenya	MCQ
291	images/291.png	The organism shown on the slide was isolated from a carbuncle of an inpatient. Identify the most probable organism      Answer:   Staphylococcus aureus					Staphylococcus aureus	INFECTIOUS DISEASE	Male	Kenya	MCQ
292	images/292.jpg	The infection demonstrated in the picture was recovered from a non-immunized 3-year-old boy who complained of sore throat and had fever and headaches. Identify the infecting organism                            Answer:    Corynebacterium diptheriae					Corynebacterium diptheriae	INFECTIOUS DISEASE	Male	Kenya	MCQ
293	images/293.jpg	Identify the infection shown:                         Answer:  Tinea capitis					Tinea capitis	INFECTIOUS DISEASE	Male	Kenya	MCQ
294	images/294.png	Name any two organisms that show the results on the slide                     Answer:     Mycobacteria Nocardia Actinomyctes					Mycobacteria Nocardia Actinomyctes	INFECTIOUS DISEASE	Male	Ghana	MCQ
295	images/295.jpg	What is the name of the test depicted above?	Semen parameters	Fertility assessment	Semen Analysis	Male performance test	C	MCQS-AFIMED	Male	Ghana	MCQ
296	images/300.png	What is the best way of obtaining a sample for this test to be carried out?	Masturbation	Coitus Interreptus	Aspiration from the urinary bladder	Aspiration from the testes	D	MCQS-AFIMED	Male	Ghana	MCQ
297	images/300.png	What would be the diagnosis if the concentration was low?	Asthenospermia	Oligospermia	Azoospermia	Teratospermia	B	MCQS-AFIMED	Male	Ghana	MCQ
298	images/300.png	What would be the diagnosis if the abnormal forms were high in concentration?	Asthenospermia	Oligospermia	Azoospermia	Teratospermia	D	MCQS-AFIMED	Male	Ghana	MCQ
299	images/300.png	What would be the diagnosis if the motility was low?	Asthenospermia	Oligospermia	Azoospermia	Teratospermia	A	MCQS-AFIMED	Male	Ghana	MCQ
300	images/300.png	What would be the diagnosis if the concentration was zero?	Asthenospermia	Oligospermia	Azoospermia	Teratospermia	C	MCQS-AFIMED	Male	Ghana	MCQ
