index,sample_id,image_path,question,A,B,C,D,answer,specialty,gender,country,question_type,text,prediction,hit,log,split
0,1,/fs/ess/PAS2836/owos/experiments/afrimedqa-vlmeval/lmudata/images/afrimedqa/001.png,3-year-old girl presented with fever 1 week and rash that rupture to form lip sores and crusts. Which is FALSE about the likely diagnosis?, It is contagious, Impetigo is a differential, It is likely a fungi infection,Acute glomerulonephritis can be a complication,B,PAEDIATRICS,Male,Nigeria,MCQ,3-year-old girl presented with fever 1 week and rash that rupture to form lip sores and crusts. Which is FALSE about the likely diagnosis?,C,0,Match Log: C. ,none
1,2,/fs/ess/PAS2836/owos/experiments/afrimedqa-vlmeval/lmudata/images/afrimedqa/002.png,"A 9-year-old child with cough, hemoptysis and curvature of the backbone. Which of the following is true?",Muscle tone is decreased, Affectation of the cervical vertebrae causes paraplegia,Tuberculosis is a differential diagnosis,The continuation phase of the treatment regimen is 1 month,C,PAEDIATRICS,Male,Nigeria,MCQ,"A 9-year-old child with cough, hemoptysis and curvature of the backbone. Which of the following is true?",C,1,Match Log: C. ,none
2,3,/fs/ess/PAS2836/owos/experiments/afrimedqa-vlmeval/lmudata/images/afrimedqa/003.png,An 8-year-old girl with Xray of wrist shown below. Which is false, Cupping is shown, Flaying is shown,Calcium deficiency is a cause,Vitamin D deficiency is not a cause,D,PAEDIATRICS,Male,Nigeria,MCQ,An 8-year-old girl with Xray of wrist shown below. Which is false,D,1,Match Log: D. ,none
3,4,/fs/ess/PAS2836/owos/experiments/afrimedqa-vlmeval/lmudata/images/afrimedqa/004.png,A 2-month-old infant who presented with fever and whose umbilical cord stump is yet to fall off. Which of this is FALSE?,This is normal ,History of cord care should be obtained ,May be a pointer to primary immunodeficiency in the child , Prematurity is a risk factor ,A,PAEDIATRICS,Male,Nigeria,MCQ,A 2-month-old infant who presented with fever and whose umbilical cord stump is yet to fall off. Which of this is FALSE?,A,1,Match Log: A. ,none
4,5,/fs/ess/PAS2836/owos/experiments/afrimedqa-vlmeval/lmudata/images/afrimedqa/005.jpg,Concerning the throat of this baby which is TRUE?, Cleft palate is the diagnosis,Has autosomal recessive inheritance, There is speech defect if untreated, It does not predispose to chest infections,C,PAEDIATRICS,Male,Nigeria,MCQ,Concerning the throat of this baby which is TRUE?,A,0,Match Log: A. ,none
5,6,/fs/ess/PAS2836/owos/experiments/afrimedqa-vlmeval/lmudata/images/afrimedqa/006.jpg,Which is TRUE about this procedure?,Used when serum bilirubin level is >20mg/dl,  Bronze baby syndrome is a complication seen in indirect hyperbilirubinemia,Extra fluid allowance is not necessary for this neonate,It can reduce incidence of kernicterus,D,PAEDIATRICS,Male,Nigeria,MCQ,Which is TRUE about this procedure?,D,1,Match Log: D. ,none
6,7,/fs/ess/PAS2836/owos/experiments/afrimedqa-vlmeval/lmudata/images/afrimedqa/007.jpg,A 4 year old girl with mid upper arm circumference (MUAC) as shown. Which is FALSE?,MUAC is measured midway between the tip of the acromion and the olecranon process ,The value shown moderate malnutrition,The yellow portion depicts borderline,Z score of -2 is moderate malnutrition,B,PAEDIATRICS,Male,Nigeria,MCQ,A 4 year old girl with mid upper arm circumference (MUAC) as shown. Which is FALSE?,A,0,Match Log: A. ,none
7,8,/fs/ess/PAS2836/owos/experiments/afrimedqa-vlmeval/lmudata/images/afrimedqa/008.jpg,"A 3-year-old with fever, seizure and unresponsiveness. Which is true?",Urinary tract infection is not a possibility,Meningitis is unlikely in this age group,Severe malaria is a possibility,A lumbar puncture is done if there is anisocoria,C,PAEDIATRICS,Male,Nigeria,MCQ,"A 3-year-old with fever, seizure and unresponsiveness. Which is true?",C,1,Match Log: C. ,none
8,9,/fs/ess/PAS2836/owos/experiments/afrimedqa-vlmeval/lmudata/images/afrimedqa/009.png,"A 6-year-old boy with fever, jaw swelling, loosening of teeth and weight loss. Histology review Histology starry-sky appearance",Commonest childhood tumour in tropics, Chromosomal translocation 8;14 is not common,Tumor lysis syndrome is a common finding, The likely diagnosis is Hodgkin's lymphoma,A,PAEDIATRICS,Male,Nigeria,MCQ,"A 6-year-old boy with fever, jaw swelling, loosening of teeth and weight loss. Histology review Histology starry-sky appearance",A,1,Match Log: A. ,none
9,10,/fs/ess/PAS2836/owos/experiments/afrimedqa-vlmeval/lmudata/images/afrimedqa/010.png,"A 2-year-old child with bluish discoloration of lips, tongue and easy fatiguability. Symptoms usually get better with squatting. Which of this is TRUE?",Peripheral cyanosis is shown,Anaemia is a common presentation,ECG is not required in the child evaluation,Cyanotic congenital heart disease is a possibility,D,PAEDIATRICS,Male,Nigeria,MCQ,"A 2-year-old child with bluish discoloration of lips, tongue and easy fatiguability. Symptoms usually get better with squatting. Which of this is TRUE?",D,1,Match Log: D. ,none
10,11,/fs/ess/PAS2836/owos/experiments/afrimedqa-vlmeval/lmudata/images/afrimedqa/011.jpg,About Kangaroo mother care which is TRUE?,Makes breastfeeding difficult, The process reduces apnoea in preterms and low birth weight neonates, Increase nosocomial infection, It cannot be done by the father,B,PAEDIATRICS,Male,Nigeria,MCQ,About Kangaroo mother care which is TRUE?,B,1,Match Log: B. ,none
11,12,/fs/ess/PAS2836/owos/experiments/afrimedqa-vlmeval/lmudata/images/afrimedqa/012.jpg,"This term neonate has umbilical hernia, macroglossia, with difficulty in sucking. Which is FALSE?",Growth failure is not a complication, Intellectual disability is common if untreated, Infant of mother with thyroid disease,Child will require treatment with levothyroxine,A,PAEDIATRICS,Male,Nigeria,MCQ,"This term neonate has umbilical hernia, macroglossia, with difficulty in sucking. Which is FALSE?",A,1,Match Log: A. ,none
12,13,/fs/ess/PAS2836/owos/experiments/afrimedqa-vlmeval/lmudata/images/afrimedqa/013.jpg,7-year-old boy presented with difficulty with walking. Examination showed pseudohypertrophy of the leg muscles. Which is TRUE?,Gower sign is negative, Keratin kinase is usually low,It is X linked dominant inheritance, Mortality is from respiratory failure,D,PAEDIATRICS,Male,Nigeria,MCQ,7-year-old boy presented with difficulty with walking. Examination showed pseudohypertrophy of the leg muscles. Which is TRUE?,D,1,Match Log: D. ,none
13,14,/fs/ess/PAS2836/owos/experiments/afrimedqa-vlmeval/lmudata/images/afrimedqa/014.png,4-year-old girl with swelling of the left eye., Retinoblastoma is not a cause, It is a benign disease,Leukocoria is a common finding,Most presentation is bilateral,C,PAEDIATRICS,Male,Nigeria,MCQ,4-year-old girl with swelling of the left eye.,C,1,Match Log: C. ,none
14,15,/fs/ess/PAS2836/owos/experiments/afrimedqa-vlmeval/lmudata/images/afrimedqa/015.jpg,"A 14-month-old toddler fever, cough and red eye of 5 days and then rash that started from the face. Which is TRUE?",History of vaccination is not essential,Measles is a likely differential diagnosis,Koplick spots are found in the eyes,Vitamin A is not important in the treatment,B,PAEDIATRICS,Male,Nigeria,MCQ,"A 14-month-old toddler fever, cough and red eye of 5 days and then rash that started from the face. Which is TRUE?",B,1,Match Log: B. ,none
20,21,/fs/ess/PAS2836/owos/experiments/afrimedqa-vlmeval/lmudata/images/afrimedqa/021.jpg,30-year-old man with painful itchy vesicular rash on one side of the body without crossing midline as shown. Which is true?,Can be spread faeco-orally,It is caused by a fungus,Typically characterised by rash on a single dermatome,The diagnosis is pityriasis versicolor,C,DERMATOLOGY,Male,Nigeria,MCQ,30-year-old man with painful itchy vesicular rash on one side of the body without crossing midline as shown. Which is true?,C,1,Match Log: C. ,none
21,22,/fs/ess/PAS2836/owos/experiments/afrimedqa-vlmeval/lmudata/images/afrimedqa/022.png,A 20-year-old man presented with this skin changes. Which is FALSE?,It is seen in tuberous sclerosis,It shows cafe au lait spots,Examination under wood lamp is recommended,Vitiligo is a differential diagnosis,B,DERMATOLOGY,Male,Nigeria,MCQ,A 20-year-old man presented with this skin changes. Which is FALSE?,B,1,Match Log: B. ,none
22,23,/fs/ess/PAS2836/owos/experiments/afrimedqa-vlmeval/lmudata/images/afrimedqa/023.png,20-year-old man with hair loss. Which is TRUE?,Scaring alopecia,Nonscarring alopecia,Scaring alopecia is reversible,Alopecia areata is a scaring alopecia,B,DERMATOLOGY,Male,Nigeria,MCQ,20-year-old man with hair loss. Which is TRUE?,B,1,Match Log: B. ,none
23,24,/fs/ess/PAS2836/owos/experiments/afrimedqa-vlmeval/lmudata/images/afrimedqa/024.png,"18-year-old male adolescent presented with recurrent pimples involving his face, neck, upper trunk. Which is FALSE about acne?",inflammatory disease of the pilosebaceous follicles,Propionibacterium acne is implicated,Reduced sebum production is an important risk factor,Blackheads comedones are shown,C,DERMATOLOGY,Male,Nigeria,MCQ,"18-year-old male adolescent presented with recurrent pimples involving his face, neck, upper trunk. Which is FALSE about acne?",C,1,Match Log: C. ,none
24,25,/fs/ess/PAS2836/owos/experiments/afrimedqa-vlmeval/lmudata/images/afrimedqa/025.jpg,A 25-year-old woman presented to emergency room with this after using a certain medication. Which is FALSE?,Stevens-Johnson syndrome is a likely diagnosis if more than 30% of skin is involved,Discontinue medication,Dehydration is a complication,Barrier nursing is essential in caring for the patient,A,DERMATOLOGY,Male,Nigeria,MCQ,A 25-year-old woman presented to emergency room with this after using a certain medication. Which is FALSE?,A,1,Match Log: A. ,none
25,26,/fs/ess/PAS2836/owos/experiments/afrimedqa-vlmeval/lmudata/images/afrimedqa/026.jpg,24-year-old with this skin lesion. Which is TRUE,Hypertrophic scar is the diagnosis,Result from excessive sebum deposition on the skin,Reoccurrence is not common after treatment,Body piercing can be a trigger,D,DERMATOLOGY,Male,Nigeria,MCQ,24-year-old with this skin lesion. Which is TRUE,C,0,Match Log: C. ,none
26,27,/fs/ess/PAS2836/owos/experiments/afrimedqa-vlmeval/lmudata/images/afrimedqa/027.jpg,Which of these features is FALSE about melanoma?,Symmetrical shapes,Border irregularity,Colour variation,Evolving,A,DERMATOLOGY,Male,Nigeria,MCQ,Which of these features is FALSE about melanoma?,A,1,Match Log: A. ,none
27,28,/fs/ess/PAS2836/owos/experiments/afrimedqa-vlmeval/lmudata/images/afrimedqa/028.jpg,This 30-year-old woman with significant alcohol history presented with persistent passage of loose stool and hyperpigmented lesion in the neck. Which is FALSE about the likely diagnosis?,Pellagra is a differential,Casal necklace is shown,Niacin deficiency is a cause,Cognitive decline is not an association,D,DERMATOLOGY,Male,Nigeria,MCQ,This 30-year-old woman with significant alcohol history presented with persistent passage of loose stool and hyperpigmented lesion in the neck. Which is FALSE about the likely diagnosis?,D,1,Match Log: D. ,none
28,29,/fs/ess/PAS2836/owos/experiments/afrimedqa-vlmeval/lmudata/images/afrimedqa/029.jpg,This 20-year presented with dark changes in the armpit and groins. Which is FALSE,Neurofibromatosis is a differential,Café-au-lait spot is an important association,Blindness is a complication of the disease,Meningioma is a common finding in Neurofibromatosis type,D,DERMATOLOGY,Male,Nigeria,MCQ,This 20-year presented with dark changes in the armpit and groins. Which is FALSE,C,0,Match Log: C. ,none
29,30,/fs/ess/PAS2836/owos/experiments/afrimedqa-vlmeval/lmudata/images/afrimedqa/030.png,5-year-old boy with family history of asthma presented with recurrent itchy rash as shown. Blood cell count revealed elevated eosinophil. Which is TRUE?,IgE level will be elevated,Contact dermatitis is the likely diagnosis,Incidence is low in higher socio-economic class,Avoidance of trigger is not helpful in management,C,DERMATOLOGY,Male,Nigeria,MCQ,5-year-old boy with family history of asthma presented with recurrent itchy rash as shown. Blood cell count revealed elevated eosinophil. Which is TRUE?,A,0,Match Log: A. ,none
30,31,/fs/ess/PAS2836/owos/experiments/afrimedqa-vlmeval/lmudata/images/afrimedqa/031.jpg,40-year-old man presented with widespread hypopigmented rash in the trunk and limbs. Which is FALSE about Pityriasis versicolor.,Caused by overgrowth of bacteria Malassezia furfur,Common in humid and tropical conditions,It is non pruritic,Antifungal is beneficial,A,DERMATOLOGY,Male,Nigeria,MCQ,40-year-old man presented with widespread hypopigmented rash in the trunk and limbs. Which is FALSE about Pityriasis versicolor.,C,0,Match Log: C. ,none
31,32,/fs/ess/PAS2836/owos/experiments/afrimedqa-vlmeval/lmudata/images/afrimedqa/032.jpg,6-year-old female with sweaty feet and itchy scaly rash on her foot and between her toes. Which is FALSE about the diagnosis,Terbinafine is an effective therapy,Wearing tight- fitting shoes is a risk factor,It is a bacterial infection,Tinea pedis is likely diagnosis,C,DERMATOLOGY,Male,Nigeria,MCQ,6-year-old female with sweaty feet and itchy scaly rash on her foot and between her toes. Which is FALSE about the diagnosis,D,0,Match Log: D. ,none
32,33,/fs/ess/PAS2836/owos/experiments/afrimedqa-vlmeval/lmudata/images/afrimedqa/033.jpg,A 40-year-old woman presented with rash that spread to other parts of her body on itching. Which of the following conditions does not exhibit Koebnerâ€™s phenomenon?,Atopic dermatitis,Lichen planus,Vitiligo,Psoriasis,A,DERMATOLOGY,Male,Nigeria,MCQ,A 40-year-old woman presented with rash that spread to other parts of her body on itching. Which of the following conditions does not exhibit Koebnerâ€™s phenomenon?,A,1,Match Log: A. ,none
33,34,/fs/ess/PAS2836/owos/experiments/afrimedqa-vlmeval/lmudata/images/afrimedqa/034.jpg,A 20-year-old male develop one large patch of rash on the neck and later multiple smaller crops of rash over few days. Which is the likely diagnosis?,Atopic eczema,Pityriasis rosea,Vitiligo,Lichen planus,B,DERMATOLOGY,Male,Nigeria,MCQ,A 20-year-old male develop one large patch of rash on the neck and later multiple smaller crops of rash over few days. Which is the likely diagnosis?,B,1,Match Log: B. ,none
34,35,/fs/ess/PAS2836/owos/experiments/afrimedqa-vlmeval/lmudata/images/afrimedqa/035.jpg,"30-year-old man with multiple well demarcated, non-adherent silvery scaly rash on the back of 1 month. Which is FALSE about the likely diagnosis?",Auspitz sign,Exhibit isomorphic response when traumatized,Nikolsky's sign,Salicylic acid and topical steroid are used in treatment,C,DERMATOLOGY,Male,Nigeria,MCQ,"30-year-old man with multiple well demarcated, non-adherent silvery scaly rash on the back of 1 month. Which is FALSE about the likely diagnosis?",C,1,Match Log: C. ,none
40,41,/fs/ess/PAS2836/owos/experiments/afrimedqa-vlmeval/lmudata/images/afrimedqa/041.jpg,This 3 hour of life old baby was delivered via emergency CS. Which of this is TRUE?,This shows fetal microsomia,The Baby's mother is most likely hypertensive,The most feared complication of this baby is hyperglycemia,The Baby's mother is most likely diabetic.,D,OBSTETRICS AND GYNAECOLOGY,Male,Nigeria,MCQ,This 3 hour of life old baby was delivered via emergency CS. Which of this is TRUE?,B,0,Match Log: B. ,none
41,42,/fs/ess/PAS2836/owos/experiments/afrimedqa-vlmeval/lmudata/images/afrimedqa/042.jpg,Concerning this patient who presented with vaginal protrusion which is TRUE?,It is commonest among primipara,Chronic pulmonary disease is a risk factor,This is stage 2 of uterovaginal prolapse,Previous caesarean section is a risk factor,B,OBSTETRICS AND GYNAECOLOGY,Male,Nigeria,MCQ,Concerning this patient who presented with vaginal protrusion which is TRUE?,C,0,Match Log: C. ,none
42,43,/fs/ess/PAS2836/owos/experiments/afrimedqa-vlmeval/lmudata/images/afrimedqa/043.jpg,Concerning this graph which is true,It is a cardiotocograph,It is used for monitoring progress of labour,The alert line and action line are 2 hours apart,It shows only maternal information,B,OBSTETRICS AND GYNAECOLOGY,Male,Nigeria,MCQ,Concerning this graph which is true,A,0,Match Log: A. ,none
43,44,/fs/ess/PAS2836/owos/experiments/afrimedqa-vlmeval/lmudata/images/afrimedqa/044.jpg,The following are indication for forceps delivery EXCEPT,Fully dilated cervix,Intact membranes,Empty bladder,Engaged faetal head,B,OBSTETRICS AND GYNAECOLOGY,Male,Nigeria,MCQ,The following are indication for forceps delivery EXCEPT,B,1,Match Log: B. ,none
44,45,/fs/ess/PAS2836/owos/experiments/afrimedqa-vlmeval/lmudata/images/afrimedqa/045.png,Which is correct about the use of this device?,It increases blood flow to the uterus,The 5th part is applied first,It is used in postpartum haemorrhage,It is a pneumatic antishock garment,C,OBSTETRICS AND GYNAECOLOGY,Male,Nigeria,MCQ,Which is correct about the use of this device?,D,0,Match Log: D. ,none
45,46,/fs/ess/PAS2836/owos/experiments/afrimedqa-vlmeval/lmudata/images/afrimedqa/046.jpg,Concerning the use of this device which is FALSE,It cannot be used to estimate fetal weight,It can be used to estimate gestational age,Reduce symphysio-fundal height is seeing in intrauterine growth restriction,Higher symphysio-fundal height may suggest multiple gestation,A,OBSTETRICS AND GYNAECOLOGY,Male,Nigeria,MCQ,Concerning the use of this device which is FALSE,A,1,Match Log: A. ,none
46,47,/fs/ess/PAS2836/owos/experiments/afrimedqa-vlmeval/lmudata/images/afrimedqa/047.jpg,Which is not a component of CTG tracing to access fetal wellbeing?,Baseline fetal heart rate,Variability,Decelerations,Speed,D,OBSTETRICS AND GYNAECOLOGY,Male,Nigeria,MCQ,Which is not a component of CTG tracing to access fetal wellbeing?,D,1,Match Log: D. ,none
47,48,/fs/ess/PAS2836/owos/experiments/afrimedqa-vlmeval/lmudata/images/afrimedqa/048.jpg,Which is FALSE concerning the use of this medication in obstetrics practices,Augmentation of labour is an indication,Uterine hypostimulation is the most important complication,It is required in active management of 3rd stage of labour,Continuous fetal heart rate monitoring is often necessary,B,OBSTETRICS AND GYNAECOLOGY,Male,Nigeria,MCQ,Which is FALSE concerning the use of this medication in obstetrics practices,A,0,Match Log: A. ,none
48,49,/fs/ess/PAS2836/owos/experiments/afrimedqa-vlmeval/lmudata/images/afrimedqa/049.jpg,A 28-year-old lady presented with itchy vulva swelling as shown. Which of the following is FALSE?,Condyloma acuminatum is a likely diagnosis,High risk human papilloma virus strains are the major causes,It is sexually transmitted,It is vaccine preventable,B,OBSTETRICS AND GYNAECOLOGY,Male,Nigeria,MCQ,A 28-year-old lady presented with itchy vulva swelling as shown. Which of the following is FALSE?,D,0,Match Log: D. ,none
49,50,/fs/ess/PAS2836/owos/experiments/afrimedqa-vlmeval/lmudata/images/afrimedqa/050.png,This primigravida whose height is 135cm is at risk of the following EXCEPT,Multiple gestations,Cephalopelvic disproportion,Hyperemesis gravidarum,Preeclampsia,A,OBSTETRICS AND GYNAECOLOGY,Male,Nigeria,MCQ,This primigravida whose height is 135cm is at risk of the following EXCEPT,A,1,Match Log: A. ,none
50,51,/fs/ess/PAS2836/owos/experiments/afrimedqa-vlmeval/lmudata/images/afrimedqa/051.jpg,A 32-year-old woman presented with infertility and ultrasound scan revealed right ovary as shown. Which is FALSE about the likely diagnosis,History of hirsutism,Recurrent acne,Obesity is not a risk factor,Use of Metformin is beneficial,C,OBSTETRICS AND GYNAECOLOGY,Male,Nigeria,MCQ,A 32-year-old woman presented with infertility and ultrasound scan revealed right ovary as shown. Which is FALSE about the likely diagnosis,C,1,Match Log: C. ,none
51,52,/fs/ess/PAS2836/owos/experiments/afrimedqa-vlmeval/lmudata/images/afrimedqa/052.png,30-year-old woman presented with pelvic pain and progressive vaginal swelling of 1 week. Which is FALSE about Bartholins cyst?,Recurrent is common,Marsupialization is the treatment of choice,She will benefit from NSAIDS and Sitz bath,Multiple sexual partners is not a risk factor,D,OBSTETRICS AND GYNAECOLOGY,Male,Nigeria,MCQ,30-year-old woman presented with pelvic pain and progressive vaginal swelling of 1 week. Which is FALSE about Bartholins cyst?,B,0,Match Log: B. ,none
52,53,/fs/ess/PAS2836/owos/experiments/afrimedqa-vlmeval/lmudata/images/afrimedqa/053.jpg,Which is FALSE concerning the use of this device?,This is a Karman syringe,It is used for abortion after 12 weeks,Endometrial biopsy is an indication,It is economical as it can be reused,B,OBSTETRICS AND GYNAECOLOGY,Male,Nigeria,MCQ,Which is FALSE concerning the use of this device?,B,1,Match Log: B. ,none
53,54,/fs/ess/PAS2836/owos/experiments/afrimedqa-vlmeval/lmudata/images/afrimedqa/054.png,Which is FALSE concerning the use of this device?,It allows for biopsy to be taken for histology,Abnormal Pap smear test is an indication,It is a primary level of prevention of cervical cancer,Genital warts is an indication,C,OBSTETRICS AND GYNAECOLOGY,Male,Nigeria,MCQ,Which is FALSE concerning the use of this device?,C,1,Match Log: C. ,none
54,55,/fs/ess/PAS2836/owos/experiments/afrimedqa-vlmeval/lmudata/images/afrimedqa/055.jpg,A 29-year-old primigravida at 13 weeks gestation has booking parameter that revealed proteinuria of 4+. Which is FALSE concerning her diagnosis?,History of hypertension should be obtained,She is at risk of low-birth-weight baby,It is a cause of intrauterine growth restriction,She should be managed in a primary health care center,D,OBSTETRICS AND GYNAECOLOGY,Male,Nigeria,MCQ,A 29-year-old primigravida at 13 weeks gestation has booking parameter that revealed proteinuria of 4+. Which is FALSE concerning her diagnosis?,D,1,Match Log: D. ,none
61,62,/fs/ess/PAS2836/owos/experiments/afrimedqa-vlmeval/lmudata/images/afrimedqa/062.jpg,A 20-year-old man being evaluated for anaemia. His peripheral blood film showed hyper segmented neutrophils. Which is FALSE about the likely diagnosis?,Vitamin B12 deficiency,Vitamin C deficiency,Folate deficiency,Iron deficiency,B,OBSTETRICS AND GYNAECOLOGY,Male,Nigeria,MCQ,A 20-year-old man being evaluated for anaemia. His peripheral blood film showed hyper segmented neutrophils. Which is FALSE about the likely diagnosis?,B,1,Match Log: B. ,none
62,63,/fs/ess/PAS2836/owos/experiments/afrimedqa-vlmeval/lmudata/images/afrimedqa/063.jpg,Concerning the blood group shown which is FALSE?,It contains antigen A,It contains Rh D+,It contains antibody B,It is a universal donor,D,OBSTETRICS AND GYNAECOLOGY,Male,Nigeria,MCQ,Concerning the blood group shown which is FALSE?,D,1,Match Log: D. ,none
63,64,/fs/ess/PAS2836/owos/experiments/afrimedqa-vlmeval/lmudata/images/afrimedqa/064.jpg,What feature is expected in the CSF microscopy of a patient with pyogenic meningitis?,Increased number of lymphocytes,Normal protein concentrations,Polymorphonuclear cells,No microorganism in direct gram stain,C,OBSTETRICS AND GYNAECOLOGY,Male,Nigeria,MCQ,What feature is expected in the CSF microscopy of a patient with pyogenic meningitis?,C,1,Match Log: C. ,none
64,65,/fs/ess/PAS2836/owos/experiments/afrimedqa-vlmeval/lmudata/images/afrimedqa/065.png,Which is TRUE about this Peripheral blood film?,The mode of inheritance is autosomal recessive,Bone pain crisis is not a common complication of the condition,The condition is least common in Africa,The patient requires folic acid and ferrous sulphate supplement for life.,A,OBSTETRICS AND GYNAECOLOGY,Male,Nigeria,MCQ,Which is TRUE about this Peripheral blood film?,D,0,Match Log: D. ,none
65,66,/fs/ess/PAS2836/owos/experiments/afrimedqa-vlmeval/lmudata/images/afrimedqa/066.jpg,Which is TRUE about liver carcinoma?,Cholangiocarcinoma is the commonest type,Hepatocellular carcinoma is the commonest type,Metastatic is not a type,HBV is not implicated,B,OBSTETRICS AND GYNAECOLOGY,Male,Nigeria,MCQ,Which is TRUE about liver carcinoma?,B,1,Match Log: B. ,none
66,67,/fs/ess/PAS2836/owos/experiments/afrimedqa-vlmeval/lmudata/images/afrimedqa/067.jpg,Schistosomiasis is best managed with,Albendazole,Mebendazole,Praziquantel,Diethylcarbamazine,C,OBSTETRICS AND GYNAECOLOGY,Male,Nigeria,MCQ,Schistosomiasis is best managed with,C,1,Match Log: C. ,none
67,68,/fs/ess/PAS2836/owos/experiments/afrimedqa-vlmeval/lmudata/images/afrimedqa/068.jpg,Which is FALSE about the diagnosis?,Wuchereria bancrofti is a likely cause,Diethylcarbamazine is the drug of choice,The diagnosis is made by finding microfilaria in the peripheral blood during the day,Aedes spp is indicated in the transmission,C,OBSTETRICS AND GYNAECOLOGY,Male,Nigeria,MCQ,Which is FALSE about the diagnosis?,D,0,Match Log: D. ,none
68,69,/fs/ess/PAS2836/owos/experiments/afrimedqa-vlmeval/lmudata/images/afrimedqa/069.jpg,Which is FALSE about the diagnosis,Pel-Epstein fever is a common finding,Generalized pruritus may occur,Prednisolone is the treatment of choice,Malaria is implicated in the etiology,C,OBSTETRICS AND GYNAECOLOGY,Male,Nigeria,MCQ,Which is FALSE about the diagnosis,D,0,Match Log: D. ,none
69,70,/fs/ess/PAS2836/owos/experiments/afrimedqa-vlmeval/lmudata/images/afrimedqa/070.jpg,A 38-year-old man with recurrent epigastric pain of 1 year. Upper GI endoscopy is as shown. Which is TRUE about the likely diagnosis?,NSAID is not a cause,H. pylori is not implicated,Upper GI bleeding is not a complication,Anaemia is an alarm symptom,D,OBSTETRICS AND GYNAECOLOGY,Male,Nigeria,MCQ,A 38-year-old man with recurrent epigastric pain of 1 year. Upper GI endoscopy is as shown. Which is TRUE about the likely diagnosis?,D,1,Match Log: D. ,none
70,71,/fs/ess/PAS2836/owos/experiments/afrimedqa-vlmeval/lmudata/images/afrimedqa/071.jpg,A 20-year-old woman with multiple ecchymotic patches and bleeding from venepuncture. Which of these is not a cause of disseminated coagulopathy?,Snake bite,ABO incompatible transfusion reactions,Sepsis,Diabetes mellitus,D,OBSTETRICS AND GYNAECOLOGY,Male,Nigeria,MCQ,A 20-year-old woman with multiple ecchymotic patches and bleeding from venepuncture. Which of these is not a cause of disseminated coagulopathy?,D,1,Match Log: D. ,none
71,72,/fs/ess/PAS2836/owos/experiments/afrimedqa-vlmeval/lmudata/images/afrimedqa/072.jpg,This 30-year-old woman presented with neck swelling. Which is FALSE about the condition?,Goitre is a differential,Iodine deficiency is a cause,Elevated TSH indicates secondary hypothyroidism,Menstrual irregularity is an association,C,OBSTETRICS AND GYNAECOLOGY,Male,Nigeria,MCQ,This 30-year-old woman presented with neck swelling. Which is FALSE about the condition?,C,1,Match Log: C. ,none
72,73,/fs/ess/PAS2836/owos/experiments/afrimedqa-vlmeval/lmudata/images/afrimedqa/073.png,"A 25-year-old man presented with recurrent fatigue, craving for salt and darkening of lips and hands. Which is INCORRECT about the likely diagnosis?",Hypoglycemia,Hypokalemia,Hyponatremia,Orthostatic Hypotension,B,OBSTETRICS AND GYNAECOLOGY,Male,Nigeria,MCQ,"A 25-year-old man presented with recurrent fatigue, craving for salt and darkening of lips and hands. Which is INCORRECT about the likely diagnosis?",C,0,Match Log: C. ,none
73,74,/fs/ess/PAS2836/owos/experiments/afrimedqa-vlmeval/lmudata/images/afrimedqa/074.jpg,10-year-old boy with recurrent abdominal discomfort and failure to gain weight with endoscopy as shown. Which of this is not a nematode?,Ascaris lumbricoides,Necator americanus,Schistosoma japonicum,Ancylostoma duodenale,C,OBSTETRICS AND GYNAECOLOGY,Male,Nigeria,MCQ,10-year-old boy with recurrent abdominal discomfort and failure to gain weight with endoscopy as shown. Which of this is not a nematode?,C,1,Match Log: C. ,none
74,75,/fs/ess/PAS2836/owos/experiments/afrimedqa-vlmeval/lmudata/images/afrimedqa/075.jpg,Which is true about H. pylori,Commonest causes of peptic ulcer in developed countries,Positive urease breath test,Gram negative,Monotherapy is used in eradication,A,OBSTETRICS AND GYNAECOLOGY,Male,Nigeria,MCQ,Which is true about H. pylori,B,0,Match Log: B. ,none
75,76,/fs/ess/PAS2836/owos/experiments/afrimedqa-vlmeval/lmudata/images/afrimedqa/076.jpg,Concerning the micrograph which of this is correct?,Trisomy 18,Trisomy 13,Dysmorphic features,Tuner syndrome,C,OBSTETRICS AND GYNAECOLOGY,Male,Nigeria,MCQ,Concerning the micrograph which of this is correct?,B,0,Match Log: B. ,none
81,82,/fs/ess/PAS2836/owos/experiments/afrimedqa-vlmeval/lmudata/images/afrimedqa/082.png,"This 18-year-old female presented with paroxysmal cough, fever and red eye of 3 weeks",The most likely diagnosis is measles,Bartonella henselae is not a causative organism,A previous infection confers lifelong immunity,it is a vaccine preventable disease,D,INFECTIOUS DISEASE,Male,Nigeria,MCQ,"This 18-year-old female presented with paroxysmal cough, fever and red eye of 3 weeks",B,0,Match Log: B. ,none
82,83,/fs/ess/PAS2836/owos/experiments/afrimedqa-vlmeval/lmudata/images/afrimedqa/083.png,This patient presented with fever and rash. Which is FALSE?,Incubation period is 10 days,It has lifelong immunity,It has dermatomal distribution,Reactivation of active infection causes Shingles,A,INFECTIOUS DISEASE,Male,Nigeria,MCQ,This patient presented with fever and rash. Which is FALSE?,A,1,Match Log: A. ,none
83,84,/fs/ess/PAS2836/owos/experiments/afrimedqa-vlmeval/lmudata/images/afrimedqa/084.png,A newly diagnosed HIV patient presented with this rash and cough. Which is FALSE?,Patient likely has stage 3 HIV infection,Patient is qualified to start receiving ART,The most objective means of determining the severity of the disease is to measure the viral load,It is not necessary to screen for tuberculosis and treat before commencing ART,D,INFECTIOUS DISEASE,Male,Nigeria,MCQ,A newly diagnosed HIV patient presented with this rash and cough. Which is FALSE?,D,1,Match Log: D. ,none
84,85,/fs/ess/PAS2836/owos/experiments/afrimedqa-vlmeval/lmudata/images/afrimedqa/085.jpg,Which of the following is not a part of a standard precaution practices?,Hand hygiene,Proper disposal of sharps,Biosafety cabinets,Use of personal protectives,C,INFECTIOUS DISEASE,Male,Nigeria,MCQ,Which of the following is not a part of a standard precaution practices?,C,1,Match Log: C. ,none
85,86,/fs/ess/PAS2836/owos/experiments/afrimedqa-vlmeval/lmudata/images/afrimedqa/086.jpg,A 23-year-old sexually active male presented with penile growth with no ulcer. Which of the following is FALSE?,Use of condom is 100% protective,Genital warts is a likely diagnosis,Cryotherapy can be used for treatment,History of multiple sexual partners is important,A,INFECTIOUS DISEASE,Male,Nigeria,MCQ,A 23-year-old sexually active male presented with penile growth with no ulcer. Which of the following is FALSE?,A,1,Match Log: A. ,none
86,87,/fs/ess/PAS2836/owos/experiments/afrimedqa-vlmeval/lmudata/images/afrimedqa/087.jpg,30-year-old woman complained of dry skin with loss of sensation and 4 skin lesions as shown. Which is TRUE about her diagnosis?,Lepromatous leprosy,Tuberculoid leprosy,Mycobacterium tuberculosis is the likely organism,This is classified as multibacillary according to WHO,B,INFECTIOUS DISEASE,Male,Nigeria,MCQ,30-year-old woman complained of dry skin with loss of sensation and 4 skin lesions as shown. Which is TRUE about her diagnosis?,B,1,Match Log: B. ,none
87,88,/fs/ess/PAS2836/owos/experiments/afrimedqa-vlmeval/lmudata/images/afrimedqa/088.jpg,What is the duration of hand washing for infection control as recommended by WHO?,1-5 minutes,5 seconds,20-40 seconds,60 seconds,C,INFECTIOUS DISEASE,Male,Nigeria,MCQ,What is the duration of hand washing for infection control as recommended by WHO?,C,1,Match Log: C. ,none
88,89,/fs/ess/PAS2836/owos/experiments/afrimedqa-vlmeval/lmudata/images/afrimedqa/089.jpg,When is the diagnosis of healthcare associated infection made?,3 days after discharge,14 days after surgery,48 hours after immunization,48 hours after admission into the hospital,D,INFECTIOUS DISEASE,Male,Nigeria,MCQ,When is the diagnosis of healthcare associated infection made?,D,1,Match Log: D. ,none
89,90,/fs/ess/PAS2836/owos/experiments/afrimedqa-vlmeval/lmudata/images/afrimedqa/090.jpg,Which is FALSE concerning pyrexia of unknown origin?,Unexplained fever persistent for 1 week of hospital evaluation,Unexplained fever persistent for 3 outpatient visits,Majority are due to malignancy,Begin with least invasive evaluation to avoid unnecessary harm and cost to the patient,C,INFECTIOUS DISEASE,Male,Nigeria,MCQ,Which is FALSE concerning pyrexia of unknown origin?,B,0,Match Log: B. ,none
90,91,/fs/ess/PAS2836/owos/experiments/afrimedqa-vlmeval/lmudata/images/afrimedqa/091.jpg,25-year-old man with history of IV drug injection who presented with new murmur on examination. Which is FALSE about the diagnosis?,Osler's nodes may be associated,Finger clubbing,Terry's nails,Treatment of the underlying condition may require 4-6 weeks of antibiotic therapy,C,INFECTIOUS DISEASE,Male,Nigeria,MCQ,25-year-old man with history of IV drug injection who presented with new murmur on examination. Which is FALSE about the diagnosis?,D,0,Match Log: D. ,none
91,92,/fs/ess/PAS2836/owos/experiments/afrimedqa-vlmeval/lmudata/images/afrimedqa/092.png,Which is INCORRECT about rational use of antibiotics in treatment of infectious disease?,Right medication,Right dosage,Least cost to patients,None of the above,D,INFECTIOUS DISEASE,Male,Nigeria,MCQ,Which is INCORRECT about rational use of antibiotics in treatment of infectious disease?,D,1,Match Log: D. ,none
92,93,/fs/ess/PAS2836/owos/experiments/afrimedqa-vlmeval/lmudata/images/afrimedqa/093.jpg,28-year-old woman presented with fever and pain with urination of 3 days. Which is TRUE about her diagnosis?,Urinalysis,Urine microscopy and culture,Commonest cause of urinary tract infection is E. coli,All of the above,D,INFECTIOUS DISEASE,Male,Nigeria,MCQ,28-year-old woman presented with fever and pain with urination of 3 days. Which is TRUE about her diagnosis?,D,1,Match Log: D. ,none
93,94,/fs/ess/PAS2836/owos/experiments/afrimedqa-vlmeval/lmudata/images/afrimedqa/094.jpg,"A 45-year-old presented with cough, fever of 5 days. He was confused and has hypotension on examination. Which is TRUE about his chest ray and management.",CURB 65 score of 1 require admission,CURB 65 score of 4 is managed on outpatient basis,Likely diagnosis is community acquired pneumonia,This patient can be treated on outpatient basis,C,INFECTIOUS DISEASE,Male,Nigeria,MCQ,"A 45-year-old presented with cough, fever of 5 days. He was confused and has hypotension on examination. Which is TRUE about his chest ray and management.",A,0,Match Log: A. ,none
94,95,/fs/ess/PAS2836/owos/experiments/afrimedqa-vlmeval/lmudata/images/afrimedqa/095.png,A neonate presented with fever and bilateral eye discharge. Which is TRUE concerning her diagnosis?,It is common with newborns delivered via caesarian section,History of vaginal discharge in the mother,Newborns should receive erythromycin ointment in both eyes after delivery,Chlamydia is not a cause,C,INFECTIOUS DISEASE,Male,Nigeria,MCQ,A neonate presented with fever and bilateral eye discharge. Which is TRUE concerning her diagnosis?,C,1,Match Log: C. ,none
95,96,/fs/ess/PAS2836/owos/experiments/afrimedqa-vlmeval/lmudata/images/afrimedqa/096.jpg,Which is FALSE concerning the disease transmitted by this vector?,Ebola virus,Fever is a common finding,It is primarily by contact with food and household items,Incubation period is from 2-21 days,A,INFECTIOUS DISEASE,Male,Nigeria,MCQ,Which is FALSE concerning the disease transmitted by this vector?,C,0,Match Log: C. ,none
102,103,/fs/ess/PAS2836/owos/experiments/afrimedqa-vlmeval/lmudata/images/afrimedqa/103.jpg,A pregnant lady with PIH was being monitored with bed rest in supine position. Which of the following is a complication of the below representation?,Ascending Aorta syndrome,Superior vena caval syndromes,Supine vena cava syndrome,Descending aorta syndrome,C,OBSTETRICS AND GYNAECOLOGY,Female,Kenya,MCQ,A pregnant lady with PIH was being monitored with bed rest in supine position. Which of the following is a complication of the below representation?,C,1,Match Log: C. ,none
103,104,/fs/ess/PAS2836/owos/experiments/afrimedqa-vlmeval/lmudata/images/afrimedqa/104.jpg,Identify the following instrument commonly used in obstetrics,Curved scissors,Mayo Scissors,Episiotomy scissors,Artery forceps,C,OBSTETRICS AND GYNAECOLOGY,Female,Kenya,MCQ,Identify the following instrument commonly used in obstetrics,C,1,Match Log: C. ,none
104,105,/fs/ess/PAS2836/owos/experiments/afrimedqa-vlmeval/lmudata/images/afrimedqa/105.png,Identify the grip in the image below.,Second pelvic grip,Fundal grip,Station grip,Pawlik grip,D,OBSTETRICS AND GYNAECOLOGY,Female,Kenya,MCQ,Identify the grip in the image below.,B,0,Match Log: B. ,none
105,106,/fs/ess/PAS2836/owos/experiments/afrimedqa-vlmeval/lmudata/images/afrimedqa/106.png,Identify this condition shown in the image below.,Dichorionic diamniotic pregnancy,Monochorionic diamniotic pregnancy,Monochorionic monoamniotic pregnancy,Placenta villamentosa,C,OBSTETRICS AND GYNAECOLOGY,Female,Kenya,MCQ,Identify this condition shown in the image below.,A,0,Match Log: A. ,none
106,107,/fs/ess/PAS2836/owos/experiments/afrimedqa-vlmeval/lmudata/images/afrimedqa/107.jpg,A 40- year old female patient presented with a history of profuse vaginal discharge. The discharge has a fishy odor. Which of the following best describes the microscopic findings given below.,Epithelial cells with bacteria attatched on cell surface,Neutrophil engulfed bacteria,Bacteria engulfed by macrophages,Long curved beaded bacilli,A,OBSTETRICS AND GYNAECOLOGY,Female,Kenya,MCQ,A 40- year old female patient presented with a history of profuse vaginal discharge. The discharge has a fishy odor. Which of the following best describes the microscopic findings given below.,D,0,Match Log: D. ,none
107,108,/fs/ess/PAS2836/owos/experiments/afrimedqa-vlmeval/lmudata/images/afrimedqa/108.jpg,Your patient is admitted in the labor ward in preparation for an emergency cesarean section. Identify the procedure being done below.,Amniocentesis,Cardiotocography,Amniotic Fluid index determination,MCA Doppler,B,OBSTETRICS AND GYNAECOLOGY,Female,Kenya,MCQ,Your patient is admitted in the labor ward in preparation for an emergency cesarean section. Identify the procedure being done below.,C,0,Match Log: C. ,none
108,109,/fs/ess/PAS2836/owos/experiments/afrimedqa-vlmeval/lmudata/images/afrimedqa/109.png,You are presented the image below after your patient above is assessed in the labor ward. What does it show?,Normal,Deceleration followed by acceleration,Deceleration,Acceleration,C,OBSTETRICS AND GYNAECOLOGY,Female,Kenya,MCQ,You are presented the image below after your patient above is assessed in the labor ward. What does it show?,B,0,Match Log: B. ,none
109,110,/fs/ess/PAS2836/owos/experiments/afrimedqa-vlmeval/lmudata/images/afrimedqa/110.png,The instrument below is used in.,Vaginal hysterectomy,Fothergill's surgery,Cesarean section,Mac stitch insertion,C,OBSTETRICS AND GYNAECOLOGY,Female,Kenya,MCQ,The instrument below is used in.,C,1,Match Log: C. ,none
110,111,/fs/ess/PAS2836/owos/experiments/afrimedqa-vlmeval/lmudata/images/afrimedqa/111.jpg,The following instrument is used for,VIA,VILLI,PAP Smear,High vaginal Swab,C,OBSTETRICS AND GYNAECOLOGY,Female,Kenya,MCQ,The following instrument is used for,D,0,Match Log: D. ,none
111,112,/fs/ess/PAS2836/owos/experiments/afrimedqa-vlmeval/lmudata/images/afrimedqa/112.jpg,"A primigravida in her 10th week of gestation presents with spotting. On examination, the uterus corresponds to 12 weeks. TVS was done and it Is given by this     What is the diagnosis?",Missed abortion,Blighted ovum,Hydatidiform mole,Ectopic pregnancy,C,OBSTETRICS AND GYNAECOLOGY,Female,Kenya,MCQ,"A primigravida in her 10th week of gestation presents with spotting. On examination, the uterus corresponds to 12 weeks. TVS was done and it Is given by this     What is the diagnosis?",C,1,Match Log: C. ,none
112,113,/fs/ess/PAS2836/owos/experiments/afrimedqa-vlmeval/lmudata/images/afrimedqa/113.jpg,What is the probable diagnosis given in the clinical image below?,Cervical carcinoma,Uterocervical prolapse,Uterine Inversion,Fibroid Polyp,B,OBSTETRICS AND GYNAECOLOGY,Female,Kenya,MCQ,What is the probable diagnosis given in the clinical image below?,D,0,Match Log: D. ,none
113,114,/fs/ess/PAS2836/owos/experiments/afrimedqa-vlmeval/lmudata/images/afrimedqa/114.jpg,Which statement is false regarding late decelerations,Starts after peach of uterine contractions and ends after uterine contraction,"At least 10 beats, 2 tines in a 20 min period above baseline",They are smooth and gradual,Occur due to uteroplacental insufficiency,B,OBSTETRICS AND GYNAECOLOGY,Female,Kenya,MCQ,Which statement is false regarding late decelerations,B,1,Match Log: B. ,none
114,115,/fs/ess/PAS2836/owos/experiments/afrimedqa-vlmeval/lmudata/images/afrimedqa/115.jpg,"A woman comes with complaints of pain and swelling in the perineal area. She also has complaints of difficulty in walking and sitting. She gives a history of multiple sexual partners. On examination, a tender swelling is seen with redness on the labia, as shown in the image given below. What is the most likely diagnosis?",Bartholin abscess,Chlamydial infection,Herpes infection,Genital TB,A,OBSTETRICS AND GYNAECOLOGY,Female,Kenya,MCQ,"A woman comes with complaints of pain and swelling in the perineal area. She also has complaints of difficulty in walking and sitting. She gives a history of multiple sexual partners. On examination, a tender swelling is seen with redness on the labia, as shown in the image given below. What is the most likely diagnosis?",A,1,Match Log: A. ,none
115,116,/fs/ess/PAS2836/owos/experiments/afrimedqa-vlmeval/lmudata/images/afrimedqa/116.png,A 55- year old lady comes with AUB. A hysterectomy was performed and the following specimen retrieved.Histology revealed intercalating bundles of smooth muscle cells arranged in a characteristicwholed pattern. What is the diagnosis?,Endometrial Carcinoma,Leiomyoma,Endometrial polyp,Adenomyosis,B,OBSTETRICS AND GYNAECOLOGY,Female,Kenya,MCQ,A 55- year old lady comes with AUB. A hysterectomy was performed and the following specimen retrieved.Histology revealed intercalating bundles of smooth muscle cells arranged in a characteristicwholed pattern. What is the diagnosis?,B,1,Match Log: B. ,none
116,117,/fs/ess/PAS2836/owos/experiments/afrimedqa-vlmeval/lmudata/images/afrimedqa/117.jpg,Which of the following is an absolute contraindication for the insertion of the device shown in the image below?,Menstruation,PID,Immediately after delivery,Ruptured condom during intercourse,B,OBSTETRICS AND GYNAECOLOGY,Female,Kenya,MCQ,Which of the following is an absolute contraindication for the insertion of the device shown in the image below?,C,0,Match Log: C. ,none
117,118,/fs/ess/PAS2836/owos/experiments/afrimedqa-vlmeval/lmudata/images/afrimedqa/118.jpg,"A 49-year-old man has used chewing tobacco and snuff for many years. During a visit to his dentist, the above a lesion is seen on the hard palate. It cannot be removed by scraping. One of the following is the most likely diagnosis?",Aphthous ulcer,Oral thrush,Leukoplakia,Pyogenic granuloma,C,PATHOLOGY,Female,Kenya,MCQ,"A 49-year-old man has used chewing tobacco and snuff for many years. During a visit to his dentist, the above a lesion is seen on the hard palate. It cannot be removed by scraping. One of the following is the most likely diagnosis?",C,1,Match Log: C. ,none
118,119,/fs/ess/PAS2836/owos/experiments/afrimedqa-vlmeval/lmudata/images/afrimedqa/119.png,"A 27-year-old woman has had pain with cloudiness of vision in the right eye for the past 2 days. A similar episode occurred a year ago. On physical examination, there is no conjunctival redness injection. Funduscopic examination shows no retinal lesions. A slit lamp examination is shown.  Which of the following infectious agents has most likely produced these findings?",Chlamydia trachomatis,Cytomegalovirus,Herpes simplex virus,Neisseria gonorrhoeae,C,PATHOLOGY,Female,Kenya,MCQ,"A 27-year-old woman has had pain with cloudiness of vision in the right eye for the past 2 days. A similar episode occurred a year ago. On physical examination, there is no conjunctival redness injection. Funduscopic examination shows no retinal lesions. A slit lamp examination is shown.  Which of the following infectious agents has most likely produced these findings?",C,1,Match Log: C. ,none
119,120,/fs/ess/PAS2836/owos/experiments/afrimedqa-vlmeval/lmudata/images/afrimedqa/120.png,An 8-year-old boy suffers an upper respiratory tract infection following which he develops abdominal pain and palpable purpura and petechiae of the limbs and trunk(see picture). His mother reports that he has passed red urine. The most likely explanation of the purpura is:,Autoimmune thrombocytopenic purpura,Cryoglobulinaemia,Disseminated intravascular coagulation,Henoch Schonlein purpura,A,PATHOLOGY,Female,Kenya,MCQ,An 8-year-old boy suffers an upper respiratory tract infection following which he develops abdominal pain and palpable purpura and petechiae of the limbs and trunk(see picture). His mother reports that he has passed red urine. The most likely explanation of the purpura is:,D,0,Match Log: D. ,none
137,138,/fs/ess/PAS2836/owos/experiments/afrimedqa-vlmeval/lmudata/images/afrimedqa/138.jpg,The diagnosis for the above presentation is;,Eosinophilic oesophagitis,Pill oesophagitis,Oesophageal candidiasis,Barrett oesophagitis,C,Infectious & Derm,male,Ghana,MCQ,The diagnosis for the above presentation is;,B,0,Match Log: B. ,none
138,139,/fs/ess/PAS2836/owos/experiments/afrimedqa-vlmeval/lmudata/images/afrimedqa/139.jpg,Which of the following is used in the management of the above?,Fluconazole,Betamethasone,Oesophageal dilation,Endoscopic banding,A,Infectious & Derm,male,Ghana,MCQ,Which of the following is used in the management of the above?,C,0,Match Log: C. ,none
139,140,/fs/ess/PAS2836/owos/experiments/afrimedqa-vlmeval/lmudata/images/afrimedqa/140.jpg,The image below causes which of the following?,Penile cancer,Gastric cancer,Bladder cancer,Endometrial cancer,C,Infectious & Derm,male,Ghana,MCQ,The image below causes which of the following?,B,0,Match Log: B. ,none
140,141,/fs/ess/PAS2836/owos/experiments/afrimedqa-vlmeval/lmudata/images/afrimedqa/141.jpg,The above typically involves the liver extraintestinally as?,Liver cirrhosis,Hepatic steatosis,Hepatic abscess,Hepatocellular cancer,C,Infectious & Derm,male,Ghana,MCQ,The above typically involves the liver extraintestinally as?,B,0,Match Log: B. ,none
141,142,/fs/ess/PAS2836/owos/experiments/afrimedqa-vlmeval/lmudata/images/afrimedqa/142.jpg,The following are not used in the management of the above except?,Tetracycline,Ceftriazone,Amoxicillin,Paromomycin,D,Infectious & Derm,male,Ghana,MCQ,The following are not used in the management of the above except?,D,1,Match Log: D. ,none
142,143,/fs/ess/PAS2836/owos/experiments/afrimedqa-vlmeval/lmudata/images/afrimedqa/143.jpg,A PLHIV presents to your consulting room with a nodular lesion shown in the image. What is the likely diagnosis?,Impetigo,Herpes simplex virus,Kapaso Sarcoma,Milaria,C,Infectious & Derm,male,Ghana,MCQ,A PLHIV presents to your consulting room with a nodular lesion shown in the image. What is the likely diagnosis?,C,1,Match Log: C. ,none
143,144,/fs/ess/PAS2836/owos/experiments/afrimedqa-vlmeval/lmudata/images/afrimedqa/144.jpg,A PLHIV presents to your consulting room with a nodular lesion shown in the image. The following are possible options for the management of the above except?,Doxorubicin,Bleomycin,Radiation therapy,Ethambutol,D,Infectious & Derm,male,Ghana,MCQ,A PLHIV presents to your consulting room with a nodular lesion shown in the image. The following are possible options for the management of the above except?,D,1,Match Log: D. ,none
144,145,/fs/ess/PAS2836/owos/experiments/afrimedqa-vlmeval/lmudata/images/afrimedqa/145.jpg,A PLHIV presents to your consulting room with a nodular lesion shown in the image. Which WHO clinical staging of HIV will this patient belong to?,WHO STAGE 1,WHO STAGE 3,WHO STAGE 5,WHO STAGE 4,D,Infectious & Derm,male,Ghana,MCQ,A PLHIV presents to your consulting room with a nodular lesion shown in the image. Which WHO clinical staging of HIV will this patient belong to?,B,0,Match Log: B. ,none
145,146,/fs/ess/PAS2836/owos/experiments/afrimedqa-vlmeval/lmudata/images/afrimedqa/146.jpg,"A 36 year old reports with 3 day history of headache,fever and neck pain. He had an episode of seizure so was rushed to the emergency room. Examination confirmed neck stiffness and patient had the following skin changes. Which organism is the likely cause of the above presentation?",Strept. Pneumonia,Staph aureus,Strept agalactie,Neisseria meningitidis,D,Infectious & Derm,male,Ghana,MCQ,"A 36 year old reports with 3 day history of headache,fever and neck pain. He had an episode of seizure so was rushed to the emergency room. Examination confirmed neck stiffness and patient had the following skin changes. Which organism is the likely cause of the above presentation?",D,1,Match Log: D. ,none
146,147,/fs/ess/PAS2836/owos/experiments/afrimedqa-vlmeval/lmudata/images/afrimedqa/147.jpg,"A 36 year old reports with 3 day history of headache,fever and neck pain. He had an episode of seizure so was rushed to the emergency room. Examination confirmed neck stiffness and patient had the following skin changes. The following is likely the pattern of presentation on CSF analysis except?",White blood cells elevated,Proteins elevated,Amylase reduced,Opening pressure may be normal,C,Infectious & Derm,male,Ghana,MCQ,"A 36 year old reports with 3 day history of headache,fever and neck pain. He had an episode of seizure so was rushed to the emergency room. Examination confirmed neck stiffness and patient had the following skin changes. The following is likely the pattern of presentation on CSF analysis except?",C,1,Match Log: C. ,none
147,148,/fs/ess/PAS2836/owos/experiments/afrimedqa-vlmeval/lmudata/images/afrimedqa/148.jpg,"A 36 year old reports with 3 day history of headache,fever and neck pain. He had an episode of seizure so was rushed to the emergency room. Examination confirmed neck stiffness and patient had the following skin changes The following are used in the management of the above except?",Artemeter Lumefantrine,Ceftriazone,Vancomycin,Cefotaxime,A,Infectious & Derm,male,Ghana,MCQ,"A 36 year old reports with 3 day history of headache,fever and neck pain. He had an episode of seizure so was rushed to the emergency room. Examination confirmed neck stiffness and patient had the following skin changes The following are used in the management of the above except?",A,1,Match Log: A. ,none
148,149,/fs/ess/PAS2836/owos/experiments/afrimedqa-vlmeval/lmudata/images/afrimedqa/149.jpg,"Mr Armah had kidney transplant about a month ago on account of ESRD. He reports to the emergency ward status epileptics which was preceded by complain of severe headache. His BP on presentation was 90/80mmgh, Pulse- 59bpm. He did a fundoscopy that showed the following; A lumbar puncture was done despite the above and the opening pressure was highly elevatedWhat is the likely diagnosis of the above presentation?",Bacterial meningitis,Cerebral Toxoplasmosis,Cryptococcal meningitis,Epilepsy,C,Infectious & Derm,male,Ghana,MCQ,"Mr Armah had kidney transplant about a month ago on account of ESRD. He reports to the emergency ward status epileptics which was preceded by complain of severe headache. His BP on presentation was 90/80mmgh, Pulse- 59bpm. He did a fundoscopy that showed the following; A lumbar puncture was done despite the above and the opening pressure was highly elevatedWhat is the likely diagnosis of the above presentation?",C,1,Match Log: C. ,none
149,150,/fs/ess/PAS2836/owos/experiments/afrimedqa-vlmeval/lmudata/images/afrimedqa/150.jpg,"Mr Armah had kidney transplant about a month ago on account of ESRD. He reports to the emergency ward status epileptics which was preceded by complain of severe headache. His BP on presentation was 90/80mmgh, Pulse- 59bpm. He did a fundoscopy. Which of the following will be a feature on CSF analysis?",WBC elevated,Glucose elevated,Protein elevated,Indian ink showing yeast growth,D,Infectious & Derm,male,Ghana,MCQ,"Mr Armah had kidney transplant about a month ago on account of ESRD. He reports to the emergency ward status epileptics which was preceded by complain of severe headache. His BP on presentation was 90/80mmgh, Pulse- 59bpm. He did a fundoscopy. Which of the following will be a feature on CSF analysis?",A,0,Match Log: A. ,none
150,151,/fs/ess/PAS2836/owos/experiments/afrimedqa-vlmeval/lmudata/images/afrimedqa/153.jpg,"Mr Armah had kidney transplant about a month ago on account of ESRD.    He reports to the emergency ward status epileptics which was preceded by complain of severe headache. His BP on presentation was 90/80mmgh, Pulse- 59bpm. He did a fundoscopy. The following is used in the management of the above?",Amphotericin,Rifampin,Rifapentin,Dolutegravir,A,Infectious & Derm,male,Ghana,MCQ,"Mr Armah had kidney transplant about a month ago on account of ESRD.    He reports to the emergency ward status epileptics which was preceded by complain of severe headache. His BP on presentation was 90/80mmgh, Pulse- 59bpm. He did a fundoscopy. The following is used in the management of the above?",B,0,Match Log: B. ,none
151,152,/fs/ess/PAS2836/owos/experiments/afrimedqa-vlmeval/lmudata/images/afrimedqa/153.jpg,"Mr Armah had kidney transplant about a month ago on account of ESRD. He reports to the emergency ward status epileptics which was preceded by complain of severe headache. His BP on presentation was 90/80mmgh, Pulse- 59bpm. He did a fundoscopy. The following is not used to confirm the diagnosis of Cryptococcal meningitis?",Serum Cryptococcal antigen,CSF Cryptococcal antigen,Lumbar puncture,Amsastigote on biopsy,D,Infectious & Derm,male,Ghana,MCQ,"Mr Armah had kidney transplant about a month ago on account of ESRD. He reports to the emergency ward status epileptics which was preceded by complain of severe headache. His BP on presentation was 90/80mmgh, Pulse- 59bpm. He did a fundoscopy. The following is not used to confirm the diagnosis of Cryptococcal meningitis?",A,0,Match Log: A. ,none
157,158,/fs/ess/PAS2836/owos/experiments/afrimedqa-vlmeval/lmudata/images/afrimedqa/158.jpg,"The picture shows the trunk of a 7 year old who experiences these lesions following bouts of respiratory tract infections. The rashes are often preceded by a large scaly patch , followed by tiny pruritic papules. The diagnosis is:",Pityriasis Versicolor,Pityriasis Alba,Pityriasis Rosea,Tinea Corporis,C,Infectious & Derm,male,Ghana,MCQ,"The picture shows the trunk of a 7 year old who experiences these lesions following bouts of respiratory tract infections. The rashes are often preceded by a large scaly patch , followed by tiny pruritic papules. The diagnosis is:",B,0,Match Log: B. ,none
158,159,/fs/ess/PAS2836/owos/experiments/afrimedqa-vlmeval/lmudata/images/afrimedqa/160.jpg,"The picture shows the trunk of a 7 year old who experiences these lesions following bouts of respiratory tract infections. The rashes are often preceded by a large scaly patch , followed by tiny pruritic papules. Treatment of the condition involves all of the following except:",Psoralen,Moisturizing creams,Topical Steroids,Oral antihistamines,A,Infectious & Derm,male,Ghana,MCQ,"The picture shows the trunk of a 7 year old who experiences these lesions following bouts of respiratory tract infections. The rashes are often preceded by a large scaly patch , followed by tiny pruritic papules. Treatment of the condition involves all of the following except:",A,1,Match Log: A. ,none
159,160,/fs/ess/PAS2836/owos/experiments/afrimedqa-vlmeval/lmudata/images/afrimedqa/160.jpg,"A middle- aged male fisherman reports with a protracted history of pruritus with scaly and peeling overhis knuckles, knees and elbows . He also experiences joint pain and stiffness over these affected joints,which he thought were as a result of his job. The consultant however thinks otherwise, following careful examination.   The picture of his hands depicts,",Mechanics hands,Lichen Planus,Lichen Simplex Chrnoidcus,Discoid Lupus Erythematosus,A,Infectious & Derm,male,Ghana,MCQ,"A middle- aged male fisherman reports with a protracted history of pruritus with scaly and peeling overhis knuckles, knees and elbows . He also experiences joint pain and stiffness over these affected joints,which he thought were as a result of his job. The consultant however thinks otherwise, following careful examination.   The picture of his hands depicts,",C,0,Match Log: C. ,none
160,161,/fs/ess/PAS2836/owos/experiments/afrimedqa-vlmeval/lmudata/images/afrimedqa/162.jpg,"A middle- aged male fisherman reports with a protracted history of pruritus with scaly and peeling overhis knuckles, knees and elbows . He also experiences joint pain and stiffness over these affected joints,which he thought were as a result of his job. For the diagnosis, the histologic pattern noted following skin biopsy is:",Spindle-shaped fibers,Interface and peri-adnexal dermatitis and follicular plugging with atrophy.,"Hyperkeratosis, focal spongiosis and acnathosis.",Microabscesses of Munroe,D,Infectious & Derm,male,Ghana,MCQ,"A middle- aged male fisherman reports with a protracted history of pruritus with scaly and peeling overhis knuckles, knees and elbows . He also experiences joint pain and stiffness over these affected joints,which he thought were as a result of his job. For the diagnosis, the histologic pattern noted following skin biopsy is:",B,0,Match Log: B. ,none
161,162,/fs/ess/PAS2836/owos/experiments/afrimedqa-vlmeval/lmudata/images/afrimedqa/162.jpg,The skin condition shown is mostly associated with the following conditions,leprosy,buruli ulcer,Graves Disease,Mycosis fungoides,C,Infectious & Derm,male,Ghana,MCQ,The skin condition shown is mostly associated with the following conditions,A,0,Match Log: A. ,none
162,163,/fs/ess/PAS2836/owos/experiments/afrimedqa-vlmeval/lmudata/images/afrimedqa/164.jpg,Treatment for the skin condition shown involves the following except,Calcinurein Inhibitors,Camouflage Make-up,Thin dermo-epidermal grafts,Benzoyl Peroxide,D,Infectious & Derm,male,Ghana,MCQ,Treatment for the skin condition shown involves the following except,D,1,Match Log: D. ,none
163,164,/fs/ess/PAS2836/owos/experiments/afrimedqa-vlmeval/lmudata/images/afrimedqa/164.jpg,Which of the following is the most likely diagnosis for the above?,Nodulo-cystic Acne,Angiofibromas,Neurofibromatosis,Hidradenitis Supparativa,D,Infectious & Derm,male,Ghana,MCQ,Which of the following is the most likely diagnosis for the above?,C,0,Match Log: C. ,none
164,165,/fs/ess/PAS2836/owos/experiments/afrimedqa-vlmeval/lmudata/images/afrimedqa/166.jpg,The most likely complication of this condition is?,Pilonidal Cyst,Renal Cell Carcinoma,Breast Cancer,Nodular Fascitis,A,Infectious & Derm,male,Ghana,MCQ,The most likely complication of this condition is?,A,1,Match Log: A. ,none
165,166,/fs/ess/PAS2836/owos/experiments/afrimedqa-vlmeval/lmudata/images/afrimedqa/166.jpg,Risk factors for the development of these lesions include all but the following,Puberty,Intake of fatty or oily foods,Hormonal Imbalances,Allergies,D,Infectious & Derm,male,Ghana,MCQ,Risk factors for the development of these lesions include all but the following,B,0,Match Log: B. ,none
166,167,/fs/ess/PAS2836/owos/experiments/afrimedqa-vlmeval/lmudata/images/afrimedqa/168.jpg,The recommended treatment for nodulocystic acne,Phototherapy,Jak-2Kinase inhibitors,Topical Steroids,Oral Isotretinoin,D,Infectious & Derm,male,Ghana,MCQ,The recommended treatment for nodulocystic acne,D,1,Match Log: D. ,none
167,168,/fs/ess/PAS2836/owos/experiments/afrimedqa-vlmeval/lmudata/images/afrimedqa/168.jpg,Which of the following statements is true about the diagnosis above?,This is as a result of infection with Treponema Pertenue,This condition is only found in children from low to middle income countries,TheMCV-1 type of this disease is found in people living with HIV,Henderson Patterson bodies are seen on histological examination.,D,Infectious & Derm,male,Ghana,MCQ,Which of the following statements is true about the diagnosis above?,D,1,Match Log: D. ,none
168,169,/fs/ess/PAS2836/owos/experiments/afrimedqa-vlmeval/lmudata/images/afrimedqa/170.jpg,The most likely diagnosis therefore is:,Neurofibromatosis type 1,Tuberous Sclerosis,Nodulocystic acne,Molluscum Contagiosuum,D,Infectious & Derm,male,Ghana,MCQ,The most likely diagnosis therefore is:,D,1,Match Log: D. ,none
175,176,/fs/ess/PAS2836/owos/experiments/afrimedqa-vlmeval/lmudata/images/afrimedqa/176.jpg,"A 35-year-old Caucasian woman comes to the Emergency Department (ED) for review. She is concerned about a suspicious mole on her leg and has recently returned from a six-month working holiday in Morrocco. On further questioning, it transpires that she has had extensive sun exposure and has had three moles removed over the past five years. On examination, she is pale-skinned with ginger hair.                                                    The mole on her left calf is shown below:  Which of the following is the most appropriate intervention?",Cryotherapy,Excision biopsy,Loop removal,Punch Biopsy,B,Infectious & Derm,male,Ghana,MCQ,"A 35-year-old Caucasian woman comes to the Emergency Department (ED) for review. She is concerned about a suspicious mole on her leg and has recently returned from a six-month working holiday in Morrocco. On further questioning, it transpires that she has had extensive sun exposure and has had three moles removed over the past five years. On examination, she is pale-skinned with ginger hair.                                                    The mole on her left calf is shown below:  Which of the following is the most appropriate intervention?",B,1,Match Log: B. ,none
184,185,/fs/ess/PAS2836/owos/experiments/afrimedqa-vlmeval/lmudata/images/afrimedqa/185.jpg,"A mother brought is 3 year old female to the outpatient department and complains that her child looks different from other children, a karyotyping was done and the results is shown below, What's the likely diagnosis?",Patau syndrome,Edward syndrome,Down syndrome,Turners syndrome,C,PAEDIATRICS,male,Ghana,MCQ,"A mother brought is 3 year old female to the outpatient department and complains that her child looks different from other children, a karyotyping was done and the results is shown below, What's the likely diagnosis?",C,1,Match Log: C. ,none
185,186,/fs/ess/PAS2836/owos/experiments/afrimedqa-vlmeval/lmudata/images/afrimedqa/186.jpg,What is the name of this condition?,Syndactyly,Clinodactyly,Symbrachydactyly,Polydactyly,D,PAEDIATRICS,male,Ghana,MCQ,What is the name of this condition?,D,1,Match Log: D. ,none
186,187,/fs/ess/PAS2836/owos/experiments/afrimedqa-vlmeval/lmudata/images/afrimedqa/187.jpg,"A 4 year old male presented with difficulty in breathing and cyanosis with digital clubbing, the X ray below was requested,what's the likely diagnosis",Atrial septal defect,Ventricular septal defect,Patent ductus arteriosus,Tetralogy of fallot,D,PAEDIATRICS,male,Ghana,MCQ,"A 4 year old male presented with difficulty in breathing and cyanosis with digital clubbing, the X ray below was requested,what's the likely diagnosis",D,1,Match Log: D. ,none
187,188,/fs/ess/PAS2836/owos/experiments/afrimedqa-vlmeval/lmudata/images/afrimedqa/188.jpg,Which of the following viruses is implicated in this condition,Corona virus,Epstein-Barr virus,Rota virus,Cytomegalovirus,B,PAEDIATRICS,male,Ghana,MCQ,Which of the following viruses is implicated in this condition,A,0,Match Log: A. ,none
188,189,/fs/ess/PAS2836/owos/experiments/afrimedqa-vlmeval/lmudata/images/afrimedqa/189.png,Regarding the picture below which of the following is a false statement?,Down syndrome is a risk factor,Obstruction to cerebral blood flow can be a basic problem,It can cause intellectual problems,Increased production of CSF can be a basic problem,A,PAEDIATRICS,male,Ghana,MCQ,Regarding the picture below which of the following is a false statement?,D,0,Match Log: D. ,none
189,190,/fs/ess/PAS2836/owos/experiments/afrimedqa-vlmeval/lmudata/images/afrimedqa/190.jpg,"This baby was delivered to a mother with gestational diabetes, which of the following is not a complication",Hypoglycemia,Birth injuries,Congenital anomalies,Hypercalcemia,D,PAEDIATRICS,male,Ghana,MCQ,"This baby was delivered to a mother with gestational diabetes, which of the following is not a complication",D,1,Match Log: D. ,none
190,191,/fs/ess/PAS2836/owos/experiments/afrimedqa-vlmeval/lmudata/images/afrimedqa/191.jpg,"A 4 year old male was brought to the emergency with complains of recurrent upper respiratory tract infection, a chest X ray was requested, which of the following is not likely to be a sign on examination",Tachypnoea,Tachycardia,Splenomegaly,Heart murmur,C,PAEDIATRICS,male,Ghana,MCQ,"A 4 year old male was brought to the emergency with complains of recurrent upper respiratory tract infection, a chest X ray was requested, which of the following is not likely to be a sign on examination",D,0,Match Log: D. ,none
191,192,/fs/ess/PAS2836/owos/experiments/afrimedqa-vlmeval/lmudata/images/afrimedqa/192.png,Which of the following is not part of the stages of the sign shown,Increased fluctauncy of the nail bed,Increased angle between the nail and the nail bed,Increased curvature of the nail,Expansion of the terminal phalanx (drum stick appearance),B,PAEDIATRICS,male,Ghana,MCQ,Which of the following is not part of the stages of the sign shown,A,0,Match Log: A. ,none
192,193,/fs/ess/PAS2836/owos/experiments/afrimedqa-vlmeval/lmudata/images/afrimedqa/193.jpg,Which of the following statement regarding this device is true.,It is a long acting ‚ adrenergic receptor agonist,Can be used easily in children below 5 years,It is recommended as a daily dose,It is used during acute exacerbations,D,PAEDIATRICS,male,Ghana,MCQ,Which of the following statement regarding this device is true.,D,1,Match Log: D. ,none
193,194,/fs/ess/PAS2836/owos/experiments/afrimedqa-vlmeval/lmudata/images/afrimedqa/194.jpg,Which of the following is not a complication of the device below,Dehydration,Diarrhea,Vomiting,Bronze baby syndrome,C,PAEDIATRICS,male,Ghana,MCQ,Which of the following is not a complication of the device below,D,0,Match Log: D. ,none
194,195,/fs/ess/PAS2836/owos/experiments/afrimedqa-vlmeval/lmudata/images/afrimedqa/195.png,What is this condition called,Gastroschisis,Omphalitis,Prune belly syndrome,Omphalocele,C,PAEDIATRICS,male,Ghana,MCQ,What is this condition called,D,0,Match Log: D. ,none
195,196,/fs/ess/PAS2836/owos/experiments/afrimedqa-vlmeval/lmudata/images/afrimedqa/196.jpg,"This 18 hours old baby was brought to the emergency room with yellowish discolration of eyes and skin which was seen soon after birth,which of the following is not a likley cause",Rhesus incompatibility,ABO incompatibility,Pyurvate kinase deficiency,Sickle cell anemia,D,PAEDIATRICS,male,Ghana,MCQ,"This 18 hours old baby was brought to the emergency room with yellowish discolration of eyes and skin which was seen soon after birth,which of the following is not a likley cause",D,1,Match Log: D. ,none
196,197,/fs/ess/PAS2836/owos/experiments/afrimedqa-vlmeval/lmudata/images/afrimedqa/197.jpg,"The picture below shows the head of a 2 days old baby with pallor, on examination child was noted to be in shock with obvious head swelling which was diffuse and boggy, what is the likely diagnosis ?",Caput succedaneum,Cephalhaematoma,Chignon,Subgaleal bleed,D,PAEDIATRICS,male,Ghana,MCQ,"The picture below shows the head of a 2 days old baby with pallor, on examination child was noted to be in shock with obvious head swelling which was diffuse and boggy, what is the likely diagnosis ?",D,1,Match Log: D. ,none
197,198,/fs/ess/PAS2836/owos/experiments/afrimedqa-vlmeval/lmudata/images/afrimedqa/198.jpg,"This 7 years old female presented with early morning facial puffiness for 2 weeks, there was a prior history of sore throat which was not treated, on examination there was facial fullness, urine protein of 2+, hypertension and hematuria, whatâ€™s the likely diagnosis",Acute kidney injury,Chronic kidney injury,Nephrotic syndrome,Post streptococcal glomerulonephritis,D,PAEDIATRICS,male,Ghana,MCQ,"This 7 years old female presented with early morning facial puffiness for 2 weeks, there was a prior history of sore throat which was not treated, on examination there was facial fullness, urine protein of 2+, hypertension and hematuria, whatâ€™s the likely diagnosis",D,1,Match Log: D. ,none
198,199,/fs/ess/PAS2836/owos/experiments/afrimedqa-vlmeval/lmudata/images/afrimedqa/199.jpg,"One week old baby being managed in the NICU, was noted to be febrile, irritable, had abdominal distension and vomiting, an abdominal x ray was requested ,what is the likely diagnosis",Necrotising enterocolitis,Volvulus,Milk curd syndrome,ischemic bwel syndrome,A,PAEDIATRICS,male,Ghana,MCQ,"One week old baby being managed in the NICU, was noted to be febrile, irritable, had abdominal distension and vomiting, an abdominal x ray was requested ,what is the likely diagnosis",A,1,Match Log: A. ,none
225,226,/fs/ess/PAS2836/owos/experiments/afrimedqa-vlmeval/lmudata/images/afrimedqa/226.png,What is the name of the instrument pictured above,Deaver's retractor,Doyen's retractor,Morrison's retractor,Hasselbach's retractor,B,PATHOLOGY,Female,Ghana,MCQ,What is the name of the instrument pictured above,B,1,Match Log: B. ,none
226,227,/fs/ess/PAS2836/owos/experiments/afrimedqa-vlmeval/lmudata/images/afrimedqa/231.png,What is it used for?,To retract the skin for easy suturing during hysterectomies,To retract the skin for easy access to the fascia for suturing,To retract the bladder peritoneum for access to the uterine incision for suturing during caesarean section,For access to the peritoneal cavity,C,PATHOLOGY,Female,Ghana,MCQ,What is it used for?,A,0,Match Log: A. ,none
227,228,/fs/ess/PAS2836/owos/experiments/afrimedqa-vlmeval/lmudata/images/afrimedqa/231.png,What complication could arise from its use?,Haemorrhage,Infection,Haematuria,Surgical Site Infection,C,PATHOLOGY,Female,Ghana,MCQ,What complication could arise from its use?,C,1,Match Log: C. ,none
228,229,/fs/ess/PAS2836/owos/experiments/afrimedqa-vlmeval/lmudata/images/afrimedqa/231.png,What characteristic makes it particularly useful in surgery?,Its ability to cauterize tissue,"Its narrow, curved blades for gentle tissue traction",Its ability to secure blood vessels,Its sharp cutting edge,B,PATHOLOGY,Female,Ghana,MCQ,What characteristic makes it particularly useful in surgery?,B,1,Match Log: B. ,none
229,230,/fs/ess/PAS2836/owos/experiments/afrimedqa-vlmeval/lmudata/images/afrimedqa/231.png,What type of tissue does the instrument typically help to retract?,Bone,Soft tissues and organs,Nerves,Blood vessels,B,PATHOLOGY,Female,Ghana,MCQ,What type of tissue does the instrument typically help to retract?,B,1,Match Log: B. ,none
230,231,/fs/ess/PAS2836/owos/experiments/afrimedqa-vlmeval/lmudata/images/afrimedqa/231.png,Identify the instrument pictured above,Green Armytage,Artery forceps,Dissecting Forceps,Alligator Forceps,A,PATHOLOGY,Female,Ghana,MCQ,Identify the instrument pictured above,B,0,Match Log: B. ,none
231,232,/fs/ess/PAS2836/owos/experiments/afrimedqa-vlmeval/lmudata/images/afrimedqa/235.png,What is its primary purpose?,To cut tissues separately during sharp dissection,To suture blood vessels,To clamp arteries that bleed on contact during laparotomies,To hold the edges of the uterine incision during Caesarean Section,D,PATHOLOGY,Female,Ghana,MCQ,What is its primary purpose?,A,0,Match Log: A. ,none
232,233,/fs/ess/PAS2836/owos/experiments/afrimedqa-vlmeval/lmudata/images/afrimedqa/235.png,What common complication is associated with its use?,Tissue injury from excessive retraction force,Inability to retract tissues,Uncontrolled bleeding,Bone fractures,A,PATHOLOGY,Female,Ghana,MCQ,What common complication is associated with its use?,A,1,Match Log: A. ,none
233,234,/fs/ess/PAS2836/owos/experiments/afrimedqa-vlmeval/lmudata/images/afrimedqa/235.png,How many are usually used for a Caesarean Section?,2,3,4,5,B,PATHOLOGY,Female,Ghana,MCQ,How many are usually used for a Caesarean Section?,A,0,Match Log: A. ,none
234,235,/fs/ess/PAS2836/owos/experiments/afrimedqa-vlmeval/lmudata/images/afrimedqa/235.png,What procedure is shown above,Suction curettage,Clinical pelvimetry,Placement of IUCD,Manual Vacuum aspiration,D,PATHOLOGY,Female,Ghana,MCQ,What procedure is shown above,D,1,Match Log: D. ,none
235,236,/fs/ess/PAS2836/owos/experiments/afrimedqa-vlmeval/lmudata/images/afrimedqa/240.png,It may be indicated in the following conditions except,Threatened miscarriage,Septic Miscarriage,Blighted ovum,Incomplete miscarriage,A,PATHOLOGY,Female,Ghana,MCQ,It may be indicated in the following conditions except,B,0,Match Log: B. ,none
236,237,/fs/ess/PAS2836/owos/experiments/afrimedqa-vlmeval/lmudata/images/afrimedqa/240.png,The instruments pictured above include:,"Sims Speculum, tenaculum and aspirator","Graves Speculum,tenaculum and aspirator","Couscous speculum, tenaculum and aspirator","Couscous speculum, vulsellum and aspirator",C,PATHOLOGY,Female,Ghana,MCQ,The instruments pictured above include:,A,0,Match Log: A. ,none
237,238,/fs/ess/PAS2836/owos/experiments/afrimedqa-vlmeval/lmudata/images/afrimedqa/240.png,Which complication could occur and may warrant operative intervention?,Infection,Bleeding,Retained products,Uterine perforation,D,PATHOLOGY,Female,Ghana,MCQ,Which complication could occur and may warrant operative intervention?,D,1,Match Log: D. ,none
238,239,/fs/ess/PAS2836/owos/experiments/afrimedqa-vlmeval/lmudata/images/afrimedqa/240.png,The following could all indicate complete emptying except,Bleeding becomes pinkish and has bubbles,Gritty feeling on suctioning,Uterus suddenly becomes smaller,Uterus seems to hug the cannula,D,PATHOLOGY,Female,Ghana,MCQ,The following could all indicate complete emptying except,A,0,Match Log: A. ,none
274,275,/fs/ess/PAS2836/owos/experiments/afrimedqa-vlmeval/lmudata/images/afrimedqa/275.jpg,What is the identity of the parasite shown in the image below obtained from a wet mount specimen from mucosal scraping from a patient who works in a slaughterhouse?,Entamoeba dispar,Cryptosporidium parvum,Entamoeba histolytica,Balantidium coli,D,INFECTIOUS DISEASE,Male,Kenya,MCQ,What is the identity of the parasite shown in the image below obtained from a wet mount specimen from mucosal scraping from a patient who works in a slaughterhouse?,C,0,Match Log: C. ,none
275,276,/fs/ess/PAS2836/owos/experiments/afrimedqa-vlmeval/lmudata/images/afrimedqa/276.png,A 30-year-old man experiences a burning sensation while urinating. He had recently traveled to a west African country. The image shows parasite eggs seen in his urine sample following centrifugation and microscopic examination. Which one of the following is the vector for the parasite.,Sandfly,Mosquito,Snail,Housefly,C,INFECTIOUS DISEASE,Male,Kenya,MCQ,A 30-year-old man experiences a burning sensation while urinating. He had recently traveled to a west African country. The image shows parasite eggs seen in his urine sample following centrifugation and microscopic examination. Which one of the following is the vector for the parasite.,B,0,Match Log: B. ,none
276,277,/fs/ess/PAS2836/owos/experiments/afrimedqa-vlmeval/lmudata/images/afrimedqa/277.png,"A 40-year-old patient has fever, cough, and dyspnea, and a history of severe asthma that requires frequent treatment with oral prednisone. Cavitary lesions are seen in a chest radiograph of the patient. Growth of the organism on buffered charcoal yeast extract agar is slow and characterized by the formation of aerial hyphae with appearance in the image below following Gram stain. How did the patient get infected by the pathogen?",Inhalation of arthroconidia from soil,Inhalation of microconidia from soil,Person-to-person by inhalation of respiratory droplets,Inhalation of the bacterium in soil,D,INFECTIOUS DISEASE,Male,Kenya,MCQ,"A 40-year-old patient has fever, cough, and dyspnea, and a history of severe asthma that requires frequent treatment with oral prednisone. Cavitary lesions are seen in a chest radiograph of the patient. Growth of the organism on buffered charcoal yeast extract agar is slow and characterized by the formation of aerial hyphae with appearance in the image below following Gram stain. How did the patient get infected by the pathogen?",B,0,Match Log: B. ,none
277,278,/fs/ess/PAS2836/owos/experiments/afrimedqa-vlmeval/lmudata/images/afrimedqa/278.png,Blood cultures from A 65-year-old man diagnosed clinically with subacute infective endocarditis did not grow any organisms until after 14 days of culture. Isolated organisms are part of normal mouth flora and had the appearance shown in the image below in Gram stain. Which one of the following group of organisms was the man infected with?,Coagulase-negative staphylococci,Coagulase-positive staphylococci,Enterococci,HACEK group,D,INFECTIOUS DISEASE,Male,Kenya,MCQ,Blood cultures from A 65-year-old man diagnosed clinically with subacute infective endocarditis did not grow any organisms until after 14 days of culture. Isolated organisms are part of normal mouth flora and had the appearance shown in the image below in Gram stain. Which one of the following group of organisms was the man infected with?,D,1,Match Log: D. ,none
278,279,/fs/ess/PAS2836/owos/experiments/afrimedqa-vlmeval/lmudata/images/afrimedqa/279.png,Which one of the following diseases is of concern to a physician attending to street families in Nairobi who are infested with the bugs whose image is shown:,Cholera,Ebola,Epidemic typhus,Q fever,C,INFECTIOUS DISEASE,Male,Kenya,MCQ,Which one of the following diseases is of concern to a physician attending to street families in Nairobi who are infested with the bugs whose image is shown:,C,1,Match Log: C. ,none
279,280,/fs/ess/PAS2836/owos/experiments/afrimedqa-vlmeval/lmudata/images/afrimedqa/280.png,Which of the following humoral immune evasion strategies are used by the parasite shown in the image,Cysteine proteinase production,Host antigenic mimicry,Glycoprotein switching,Lectin adhesion,C,INFECTIOUS DISEASE,Male,Kenya,MCQ,Which of the following humoral immune evasion strategies are used by the parasite shown in the image,C,1,Match Log: C. ,none
280,281,/fs/ess/PAS2836/owos/experiments/afrimedqa-vlmeval/lmudata/images/afrimedqa/281.png,"A 30-year-old patient presented with malodorous vaginal discharge, and a motile microbe was detected in saline wet microscopic preparation. What is the diagnosis considering the following observation from a stained preparation?",Bacterial vaginosis,Candidiasis,Chlamydia,Trichomoniasis,D,INFECTIOUS DISEASE,Male,Kenya,MCQ,"A 30-year-old patient presented with malodorous vaginal discharge, and a motile microbe was detected in saline wet microscopic preparation. What is the diagnosis considering the following observation from a stained preparation?",D,1,Match Log: D. ,none
281,282,/fs/ess/PAS2836/owos/experiments/afrimedqa-vlmeval/lmudata/images/afrimedqa/282.png,"A 7-year-old child in rural central Kenya complains of stomachache for the last 24. Hours, and had poor appetite in the last several weeks and episodes of diarrhoea. The child had vomited worms, with shown in the image. State the diagnosis",Ascariasis,Strongyloidiasis,Hemolytic uremic syndrome,Salmonella enterocolitis,A,INFECTIOUS DISEASE,Male,Kenya,MCQ,"A 7-year-old child in rural central Kenya complains of stomachache for the last 24. Hours, and had poor appetite in the last several weeks and episodes of diarrhoea. The child had vomited worms, with shown in the image. State the diagnosis",A,1,Match Log: A. ,none
282,283,/fs/ess/PAS2836/owos/experiments/afrimedqa-vlmeval/lmudata/images/afrimedqa/283.png,Name the antifungal agent recommended for the treatment of the nail condition shown,Amphotericin B,Flucytosine,Terbinafine,Voriconazole,C,INFECTIOUS DISEASE,Male,Kenya,MCQ,Name the antifungal agent recommended for the treatment of the nail condition shown,C,1,Match Log: C. ,none
283,284,/fs/ess/PAS2836/owos/experiments/afrimedqa-vlmeval/lmudata/images/afrimedqa/284.png,Identify the fungal species  grows  cream colored colonies in normal media at 370C and yields cellular growth in rabbit plasma as shown in the image. Identify the fungal species.,Aspergillus flavis,Candida albicans,Coccidioides immitis,Pneumocystis jiroveci,B,INFECTIOUS DISEASE,Male,Kenya,MCQ,Identify the fungal species  grows  cream colored colonies in normal media at 370C and yields cellular growth in rabbit plasma as shown in the image. Identify the fungal species.,B,1,Match Log: B. ,none
284,285,/fs/ess/PAS2836/owos/experiments/afrimedqa-vlmeval/lmudata/images/afrimedqa/285.png,The organism shown was recovered from a patient suffering from enteric fever. Which one of the following is the reason behind the appearance of black colonies:,Production of hydrogen sulphide gas by the organism,Formation of sporangiophore by the pathogen,Fermentation of media due to anaerobic respiration by the organisms,Production of catalase by the organisms,A,INFECTIOUS DISEASE,Male,Kenya,MCQ,The organism shown was recovered from a patient suffering from enteric fever. Which one of the following is the reason behind the appearance of black colonies:,A,1,Match Log: A. ,none
285,286,/fs/ess/PAS2836/owos/experiments/afrimedqa-vlmeval/lmudata/images/afrimedqa/286.jpg,The British tourist to Kenya was admitted in Aga Khan university hospital in Nairobi complaining of abdominal pains and frequent diarrhoea. Culture of a rectal swab revealed the colonies shown in the media. What is the most probable aetiological agent,Salmonella typhi,Enterotoxigenic E. coli (ETE,C) Vibrio cholerae,Shigella flexneri,B,INFECTIOUS DISEASE,Male,Kenya,MCQ,The British tourist to Kenya was admitted in Aga Khan university hospital in Nairobi complaining of abdominal pains and frequent diarrhoea. Culture of a rectal swab revealed the colonies shown in the media. What is the most probable aetiological agent,D,0,Match Log: D. ,none
286,287,/fs/ess/PAS2836/owos/experiments/afrimedqa-vlmeval/lmudata/images/afrimedqa/287.jpg,Identify the parasite shown,Ascaris lumbricoides,Echinococcus granulosum,Taenia solium,Toxocara canis,C,INFECTIOUS DISEASE,Male,Kenya,MCQ,Identify the parasite shown,B,0,Match Log: B. ,none
287,288,/fs/ess/PAS2836/owos/experiments/afrimedqa-vlmeval/lmudata/images/afrimedqa/288.png,"The image shows massive scrotal lymphedema in a 25 year old farmer at the Kenyan coast, also known to be endemic for Culex and Anapheles mosquitoes. What is the most probable aetiology for the lesion shown:",Schistosoma hematobium,Wuchereria bancrofti,Onchocerca volvulus,Ancylostoma duodenale,B,INFECTIOUS DISEASE,Male,Kenya,MCQ,"The image shows massive scrotal lymphedema in a 25 year old farmer at the Kenyan coast, also known to be endemic for Culex and Anapheles mosquitoes. What is the most probable aetiology for the lesion shown:",B,1,Match Log: B. ,none
288,289,/fs/ess/PAS2836/owos/experiments/afrimedqa-vlmeval/lmudata/images/afrimedqa/289.jpg,The image shows ova observed in a stool specimen from a school children in western Kenya. What drug is used to treat this infection?,Albendazole,Metronidazole,praziquantel, Quinin,C,INFECTIOUS DISEASE,Male,Kenya,MCQ,The image shows ova observed in a stool specimen from a school children in western Kenya. What drug is used to treat this infection?,A,0,Match Log: A. ,none
294,295,/fs/ess/PAS2836/owos/experiments/afrimedqa-vlmeval/lmudata/images/afrimedqa/295.jpg,What is the name of the test depicted above?,Semen parameters,Fertility assessment,Semen Analysis,Male performance test,C,MCQS-AFIMED,Male,Ghana,MCQ,What is the name of the test depicted above?,C,1,Match Log: C. ,none
295,296,/fs/ess/PAS2836/owos/experiments/afrimedqa-vlmeval/lmudata/images/afrimedqa/300.png,What is the best way of obtaining a sample for this test to be carried out?,Masturbation,Coitus Interreptus,Aspiration from the urinary bladder,Aspiration from the testes,D,MCQS-AFIMED,Male,Ghana,MCQ,What is the best way of obtaining a sample for this test to be carried out?,A,0,Match Log: A. ,none
296,297,/fs/ess/PAS2836/owos/experiments/afrimedqa-vlmeval/lmudata/images/afrimedqa/300.png,What would be the diagnosis if the concentration was low?,Asthenospermia,Oligospermia,Azoospermia,Teratospermia,B,MCQS-AFIMED,Male,Ghana,MCQ,What would be the diagnosis if the concentration was low?,B,1,Match Log: B. ,none
297,298,/fs/ess/PAS2836/owos/experiments/afrimedqa-vlmeval/lmudata/images/afrimedqa/300.png,What would be the diagnosis if the abnormal forms were high in concentration?,Asthenospermia,Oligospermia,Azoospermia,Teratospermia,D,MCQS-AFIMED,Male,Ghana,MCQ,What would be the diagnosis if the abnormal forms were high in concentration?,D,1,Match Log: D. ,none
298,299,/fs/ess/PAS2836/owos/experiments/afrimedqa-vlmeval/lmudata/images/afrimedqa/300.png,What would be the diagnosis if the motility was low?,Asthenospermia,Oligospermia,Azoospermia,Teratospermia,A,MCQS-AFIMED,Male,Ghana,MCQ,What would be the diagnosis if the motility was low?,B,0,Match Log: B. ,none
299,300,/fs/ess/PAS2836/owos/experiments/afrimedqa-vlmeval/lmudata/images/afrimedqa/300.png,What would be the diagnosis if the concentration was zero?,Asthenospermia,Oligospermia,Azoospermia,Teratospermia,C,MCQS-AFIMED,Male,Ghana,MCQ,What would be the diagnosis if the concentration was zero?,C,1,Match Log: C. ,none
